Container, 0, 0, 0, 2.7e-05, 2.7e-05, 0
Link, 0, 0-LINK10-HOST6, 0.000000, 0.000000, 0.000000, topology, 1.0_to_0.1, 0.1, 0
Link, 0, 0-LINK10-HOST6, 0.000000, 0.000000, 0.000000, topology, 2.0_to_0.1, 0.1, 1
Link, 0, 0-LINK10-HOST6, 0.000000, 0.000000, 0.000000, topology, 3.0_to_0.1, 0.1, 2
Link, 0, 0-LINK10-HOST6, 0.000000, 0.000000, 0.000000, topology, 1.0_to_0.2, 0.2, 14
Link, 0, 0-LINK10-HOST6, 0.000000, 0.000000, 0.000000, topology, 2.0_to_0.2, 0.2, 15
Link, 0, 0-LINK10-HOST6, 0.000000, 0.000000, 0.000000, topology, 3.0_to_0.2, 0.2, 16
Link, 0, 0-LINK10-HOST6, 0.000000, 0.000000, 0.000000, topology, 1.0_to_0.3, 0.3, 28
Link, 0, 0-LINK10-HOST6, 0.000000, 0.000000, 0.000000, topology, 2.0_to_0.3, 0.3, 29
Link, 0, 0-LINK10-HOST6, 0.000000, 0.000000, 0.000000, topology, 3.0_to_0.3, 0.3, 30
Link, 0, 0-LINK10-HOST6, 0.000000, 0.000000, 0.000000, topology, 0.1_to_1.0, 1.0, 42
Link, 0, 0-LINK10-HOST6, 0.000000, 0.000000, 0.000000, topology, 2.1_to_1.0, 1.0, 43
Link, 0, 0-LINK10-HOST6, 0.000000, 0.000000, 0.000000, topology, 3.1_to_1.0, 1.0, 44
Link, 0, 0-LINK10-HOST6, 0.000000, 0.000000, 0.000000, topology, 0.1_to_1.2, 1.2, 56
Link, 0, 0-LINK10-HOST6, 0.000000, 0.000000, 0.000000, topology, 2.1_to_1.2, 1.2, 57
Link, 0, 0-LINK10-HOST6, 0.000000, 0.000000, 0.000000, topology, 3.1_to_1.2, 1.2, 58
Link, 0, 0-LINK10-HOST6, 0.000000, 0.000000, 0.000000, topology, 0.1_to_1.3, 1.3, 70
Link, 0, 0-LINK10-HOST6, 0.000000, 0.000000, 0.000000, topology, 2.1_to_1.3, 1.3, 71
Link, 0, 0-LINK10-HOST6, 0.000000, 0.000000, 0.000000, topology, 3.1_to_1.3, 1.3, 72
Link, 0, 0-LINK10-HOST6, 0.000000, 0.000000, 0.000000, topology, 0.2_to_2.0, 2.0, 84
Link, 0, 0-LINK10-HOST6, 0.000000, 0.000000, 0.000000, topology, 1.2_to_2.0, 2.0, 85
Link, 0, 0-LINK10-HOST6, 0.000000, 0.000000, 0.000000, topology, 3.2_to_2.0, 2.0, 86
Link, 0, 0-LINK10-HOST6, 0.000000, 0.000000, 0.000000, topology, 0.2_to_2.1, 2.1, 98
Link, 0, 0-LINK10-HOST6, 0.000000, 0.000000, 0.000000, topology, 1.2_to_2.1, 2.1, 99
Link, 0, 0-LINK10-HOST6, 0.000000, 0.000000, 0.000000, topology, 3.2_to_2.1, 2.1, 100
Link, 0, 0-LINK10-HOST6, 0.000000, 0.000000, 0.000000, topology, 0.2_to_2.3, 2.3, 112
Link, 0, 0-LINK10-HOST6, 0.000000, 0.000000, 0.000000, topology, 1.2_to_2.3, 2.3, 113
Link, 0, 0-LINK10-HOST6, 0.000000, 0.000000, 0.000000, topology, 3.2_to_2.3, 2.3, 114
Link, 0, 0-LINK10-HOST6, 0.000000, 0.000000, 0.000000, topology, 0.3_to_3.0, 3.0, 126
Link, 0, 0-LINK10-HOST6, 0.000000, 0.000000, 0.000000, topology, 1.3_to_3.0, 3.0, 127
Link, 0, 0-LINK10-HOST6, 0.000000, 0.000000, 0.000000, topology, 2.3_to_3.0, 3.0, 128
Link, 0, 0-LINK10-HOST6, 0.000000, 0.000000, 0.000000, topology, 0.3_to_3.1, 3.1, 140
Link, 0, 0-LINK10-HOST6, 0.000000, 0.000000, 0.000000, topology, 1.3_to_3.1, 3.1, 141
Link, 0, 0-LINK10-HOST6, 0.000000, 0.000000, 0.000000, topology, 2.3_to_3.1, 3.1, 142
Link, 0, 0-LINK10-HOST6, 0.000000, 0.000000, 0.000000, topology, 0.3_to_3.2, 3.2, 154
Link, 0, 0-LINK10-HOST6, 0.000000, 0.000000, 0.000000, topology, 1.3_to_3.2, 3.2, 155
Link, 0, 0-LINK10-HOST6, 0.000000, 0.000000, 0.000000, topology, 2.3_to_3.2, 3.2, 156
Link, 0, 0-HOST6-LINK10, 0.000000, 0.000000, 0.000000, topology, 0.1, 0.1_to_1.0, 3
Link, 0, 0-HOST6-LINK10, 0.000000, 0.000000, 0.000000, topology, 0.1, 0.1_to_1.2, 6
Link, 0, 0-HOST6-LINK10, 0.000000, 0.000000, 0.000000, topology, 0.1, 0.1_to_1.3, 10
Link, 0, 0-HOST6-LINK10, 0.000000, 0.000000, 0.000000, topology, 0.2, 0.2_to_2.0, 17
Link, 0, 0-HOST6-LINK10, 0.000000, 0.000000, 0.000000, topology, 0.2, 0.2_to_2.1, 20
Link, 0, 0-HOST6-LINK10, 0.000000, 0.000000, 0.000000, topology, 0.2, 0.2_to_2.3, 24
Link, 0, 0-HOST6-LINK10, 0.000000, 0.000000, 0.000000, topology, 0.3, 0.3_to_3.0, 31
Link, 0, 0-HOST6-LINK10, 0.000000, 0.000000, 0.000000, topology, 0.3, 0.3_to_3.1, 34
Link, 0, 0-HOST6-LINK10, 0.000000, 0.000000, 0.000000, topology, 0.3, 0.3_to_3.2, 38
Link, 0, 0-HOST6-LINK10, 0.000000, 0.000000, 0.000000, topology, 1.0, 1.0_to_0.1, 45
Link, 0, 0-HOST6-LINK10, 0.000000, 0.000000, 0.000000, topology, 1.0, 1.0_to_0.2, 49
Link, 0, 0-HOST6-LINK10, 0.000000, 0.000000, 0.000000, topology, 1.0, 1.0_to_0.3, 53
Link, 0, 0-HOST6-LINK10, 0.000000, 0.000000, 0.000000, topology, 1.2, 1.2_to_2.0, 60
Link, 0, 0-HOST6-LINK10, 0.000000, 0.000000, 0.000000, topology, 1.2, 1.2_to_2.1, 64
Link, 0, 0-HOST6-LINK10, 0.000000, 0.000000, 0.000000, topology, 1.2, 1.2_to_2.3, 67
Link, 0, 0-HOST6-LINK10, 0.000000, 0.000000, 0.000000, topology, 1.3, 1.3_to_3.0, 74
Link, 0, 0-HOST6-LINK10, 0.000000, 0.000000, 0.000000, topology, 1.3, 1.3_to_3.1, 78
Link, 0, 0-HOST6-LINK10, 0.000000, 0.000000, 0.000000, topology, 1.3, 1.3_to_3.2, 81
Link, 0, 0-HOST6-LINK10, 0.000000, 0.000000, 0.000000, topology, 2.0, 2.0_to_0.1, 89
Link, 0, 0-HOST6-LINK10, 0.000000, 0.000000, 0.000000, topology, 2.0, 2.0_to_0.2, 92
Link, 0, 0-HOST6-LINK10, 0.000000, 0.000000, 0.000000, topology, 2.0, 2.0_to_0.3, 96
Link, 0, 0-HOST6-LINK10, 0.000000, 0.000000, 0.000000, topology, 2.1, 2.1_to_1.0, 103
Link, 0, 0-HOST6-LINK10, 0.000000, 0.000000, 0.000000, topology, 2.1, 2.1_to_1.2, 106
Link, 0, 0-HOST6-LINK10, 0.000000, 0.000000, 0.000000, topology, 2.1, 2.1_to_1.3, 110
Link, 0, 0-HOST6-LINK10, 0.000000, 0.000000, 0.000000, topology, 2.3, 2.3_to_3.0, 117
Link, 0, 0-HOST6-LINK10, 0.000000, 0.000000, 0.000000, topology, 2.3, 2.3_to_3.1, 121
Link, 0, 0-HOST6-LINK10, 0.000000, 0.000000, 0.000000, topology, 2.3, 2.3_to_3.2, 125
Link, 0, 0-HOST6-LINK10, 0.000000, 0.000000, 0.000000, topology, 3.0, 3.0_to_0.1, 132
Link, 0, 0-HOST6-LINK10, 0.000000, 0.000000, 0.000000, topology, 3.0, 3.0_to_0.2, 136
Link, 0, 0-HOST6-LINK10, 0.000000, 0.000000, 0.000000, topology, 3.0, 3.0_to_0.3, 139
Link, 0, 0-HOST6-LINK10, 0.000000, 0.000000, 0.000000, topology, 3.1, 3.1_to_1.0, 146
Link, 0, 0-HOST6-LINK10, 0.000000, 0.000000, 0.000000, topology, 3.1, 3.1_to_1.2, 150
Link, 0, 0-HOST6-LINK10, 0.000000, 0.000000, 0.000000, topology, 3.1, 3.1_to_1.3, 153
Link, 0, 0-HOST6-LINK10, 0.000000, 0.000000, 0.000000, topology, 3.2, 3.2_to_2.0, 160
Link, 0, 0-HOST6-LINK10, 0.000000, 0.000000, 0.000000, topology, 3.2, 3.2_to_2.1, 164
Link, 0, 0-HOST6-LINK10, 0.000000, 0.000000, 0.000000, topology, 3.2, 3.2_to_2.3, 167
Link, 0, 0-LINK10-LINK10, 0.000000, 0.000000, 0.000000, topology, 2.0_to_0.1, 0.1_to_1.0, 4
Link, 0, 0-LINK10-LINK10, 0.000000, 0.000000, 0.000000, topology, 3.0_to_0.1, 0.1_to_1.0, 5
Link, 0, 0-LINK10-LINK10, 0.000000, 0.000000, 0.000000, topology, 1.0_to_0.1, 0.1_to_1.2, 7
Link, 0, 0-LINK10-LINK10, 0.000000, 0.000000, 0.000000, topology, 2.0_to_0.1, 0.1_to_1.2, 8
Link, 0, 0-LINK10-LINK10, 0.000000, 0.000000, 0.000000, topology, 3.0_to_0.1, 0.1_to_1.2, 9
Link, 0, 0-LINK10-LINK10, 0.000000, 0.000000, 0.000000, topology, 1.0_to_0.1, 0.1_to_1.3, 11
Link, 0, 0-LINK10-LINK10, 0.000000, 0.000000, 0.000000, topology, 2.0_to_0.1, 0.1_to_1.3, 12
Link, 0, 0-LINK10-LINK10, 0.000000, 0.000000, 0.000000, topology, 3.0_to_0.1, 0.1_to_1.3, 13
Link, 0, 0-LINK10-LINK10, 0.000000, 0.000000, 0.000000, topology, 1.0_to_0.2, 0.2_to_2.0, 18
Link, 0, 0-LINK10-LINK10, 0.000000, 0.000000, 0.000000, topology, 3.0_to_0.2, 0.2_to_2.0, 19
Link, 0, 0-LINK10-LINK10, 0.000000, 0.000000, 0.000000, topology, 1.0_to_0.2, 0.2_to_2.1, 21
Link, 0, 0-LINK10-LINK10, 0.000000, 0.000000, 0.000000, topology, 2.0_to_0.2, 0.2_to_2.1, 22
Link, 0, 0-LINK10-LINK10, 0.000000, 0.000000, 0.000000, topology, 3.0_to_0.2, 0.2_to_2.1, 23
Link, 0, 0-LINK10-LINK10, 0.000000, 0.000000, 0.000000, topology, 1.0_to_0.2, 0.2_to_2.3, 25
Link, 0, 0-LINK10-LINK10, 0.000000, 0.000000, 0.000000, topology, 2.0_to_0.2, 0.2_to_2.3, 26
Link, 0, 0-LINK10-LINK10, 0.000000, 0.000000, 0.000000, topology, 3.0_to_0.2, 0.2_to_2.3, 27
Link, 0, 0-LINK10-LINK10, 0.000000, 0.000000, 0.000000, topology, 1.0_to_0.3, 0.3_to_3.0, 32
Link, 0, 0-LINK10-LINK10, 0.000000, 0.000000, 0.000000, topology, 2.0_to_0.3, 0.3_to_3.0, 33
Link, 0, 0-LINK10-LINK10, 0.000000, 0.000000, 0.000000, topology, 1.0_to_0.3, 0.3_to_3.1, 35
Link, 0, 0-LINK10-LINK10, 0.000000, 0.000000, 0.000000, topology, 2.0_to_0.3, 0.3_to_3.1, 36
Link, 0, 0-LINK10-LINK10, 0.000000, 0.000000, 0.000000, topology, 3.0_to_0.3, 0.3_to_3.1, 37
Link, 0, 0-LINK10-LINK10, 0.000000, 0.000000, 0.000000, topology, 1.0_to_0.3, 0.3_to_3.2, 39
Link, 0, 0-LINK10-LINK10, 0.000000, 0.000000, 0.000000, topology, 2.0_to_0.3, 0.3_to_3.2, 40
Link, 0, 0-LINK10-LINK10, 0.000000, 0.000000, 0.000000, topology, 3.0_to_0.3, 0.3_to_3.2, 41
Link, 0, 0-LINK10-LINK10, 0.000000, 0.000000, 0.000000, topology, 2.1_to_1.0, 1.0_to_0.1, 46
Link, 0, 0-LINK10-LINK10, 0.000000, 0.000000, 0.000000, topology, 3.1_to_1.0, 1.0_to_0.1, 47
Link, 0, 0-LINK10-LINK10, 0.000000, 0.000000, 0.000000, topology, 0.1_to_1.0, 1.0_to_0.2, 48
Link, 0, 0-LINK10-LINK10, 0.000000, 0.000000, 0.000000, topology, 2.1_to_1.0, 1.0_to_0.2, 50
Link, 0, 0-LINK10-LINK10, 0.000000, 0.000000, 0.000000, topology, 3.1_to_1.0, 1.0_to_0.2, 51
Link, 0, 0-LINK10-LINK10, 0.000000, 0.000000, 0.000000, topology, 0.1_to_1.0, 1.0_to_0.3, 52
Link, 0, 0-LINK10-LINK10, 0.000000, 0.000000, 0.000000, topology, 2.1_to_1.0, 1.0_to_0.3, 54
Link, 0, 0-LINK10-LINK10, 0.000000, 0.000000, 0.000000, topology, 3.1_to_1.0, 1.0_to_0.3, 55
Link, 0, 0-LINK10-LINK10, 0.000000, 0.000000, 0.000000, topology, 0.1_to_1.2, 1.2_to_2.0, 59
Link, 0, 0-LINK10-LINK10, 0.000000, 0.000000, 0.000000, topology, 2.1_to_1.2, 1.2_to_2.0, 61
Link, 0, 0-LINK10-LINK10, 0.000000, 0.000000, 0.000000, topology, 3.1_to_1.2, 1.2_to_2.0, 62
Link, 0, 0-LINK10-LINK10, 0.000000, 0.000000, 0.000000, topology, 0.1_to_1.2, 1.2_to_2.1, 63
Link, 0, 0-LINK10-LINK10, 0.000000, 0.000000, 0.000000, topology, 3.1_to_1.2, 1.2_to_2.1, 65
Link, 0, 0-LINK10-LINK10, 0.000000, 0.000000, 0.000000, topology, 0.1_to_1.2, 1.2_to_2.3, 66
Link, 0, 0-LINK10-LINK10, 0.000000, 0.000000, 0.000000, topology, 2.1_to_1.2, 1.2_to_2.3, 68
Link, 0, 0-LINK10-LINK10, 0.000000, 0.000000, 0.000000, topology, 3.1_to_1.2, 1.2_to_2.3, 69
Link, 0, 0-LINK10-LINK10, 0.000000, 0.000000, 0.000000, topology, 0.1_to_1.3, 1.3_to_3.0, 73
Link, 0, 0-LINK10-LINK10, 0.000000, 0.000000, 0.000000, topology, 2.1_to_1.3, 1.3_to_3.0, 75
Link, 0, 0-LINK10-LINK10, 0.000000, 0.000000, 0.000000, topology, 3.1_to_1.3, 1.3_to_3.0, 76
Link, 0, 0-LINK10-LINK10, 0.000000, 0.000000, 0.000000, topology, 0.1_to_1.3, 1.3_to_3.1, 77
Link, 0, 0-LINK10-LINK10, 0.000000, 0.000000, 0.000000, topology, 2.1_to_1.3, 1.3_to_3.1, 79
Link, 0, 0-LINK10-LINK10, 0.000000, 0.000000, 0.000000, topology, 0.1_to_1.3, 1.3_to_3.2, 80
Link, 0, 0-LINK10-LINK10, 0.000000, 0.000000, 0.000000, topology, 2.1_to_1.3, 1.3_to_3.2, 82
Link, 0, 0-LINK10-LINK10, 0.000000, 0.000000, 0.000000, topology, 3.1_to_1.3, 1.3_to_3.2, 83
Link, 0, 0-LINK10-LINK10, 0.000000, 0.000000, 0.000000, topology, 0.2_to_2.0, 2.0_to_0.1, 87
Link, 0, 0-LINK10-LINK10, 0.000000, 0.000000, 0.000000, topology, 1.2_to_2.0, 2.0_to_0.1, 88
Link, 0, 0-LINK10-LINK10, 0.000000, 0.000000, 0.000000, topology, 3.2_to_2.0, 2.0_to_0.1, 90
Link, 0, 0-LINK10-LINK10, 0.000000, 0.000000, 0.000000, topology, 1.2_to_2.0, 2.0_to_0.2, 91
Link, 0, 0-LINK10-LINK10, 0.000000, 0.000000, 0.000000, topology, 3.2_to_2.0, 2.0_to_0.2, 93
Link, 0, 0-LINK10-LINK10, 0.000000, 0.000000, 0.000000, topology, 0.2_to_2.0, 2.0_to_0.3, 94
Link, 0, 0-LINK10-LINK10, 0.000000, 0.000000, 0.000000, topology, 1.2_to_2.0, 2.0_to_0.3, 95
Link, 0, 0-LINK10-LINK10, 0.000000, 0.000000, 0.000000, topology, 3.2_to_2.0, 2.0_to_0.3, 97
Link, 0, 0-LINK10-LINK10, 0.000000, 0.000000, 0.000000, topology, 0.2_to_2.1, 2.1_to_1.0, 101
Link, 0, 0-LINK10-LINK10, 0.000000, 0.000000, 0.000000, topology, 1.2_to_2.1, 2.1_to_1.0, 102
Link, 0, 0-LINK10-LINK10, 0.000000, 0.000000, 0.000000, topology, 3.2_to_2.1, 2.1_to_1.0, 104
Link, 0, 0-LINK10-LINK10, 0.000000, 0.000000, 0.000000, topology, 0.2_to_2.1, 2.1_to_1.2, 105
Link, 0, 0-LINK10-LINK10, 0.000000, 0.000000, 0.000000, topology, 3.2_to_2.1, 2.1_to_1.2, 107
Link, 0, 0-LINK10-LINK10, 0.000000, 0.000000, 0.000000, topology, 0.2_to_2.1, 2.1_to_1.3, 108
Link, 0, 0-LINK10-LINK10, 0.000000, 0.000000, 0.000000, topology, 1.2_to_2.1, 2.1_to_1.3, 109
Link, 0, 0-LINK10-LINK10, 0.000000, 0.000000, 0.000000, topology, 3.2_to_2.1, 2.1_to_1.3, 111
Link, 0, 0-LINK10-LINK10, 0.000000, 0.000000, 0.000000, topology, 0.2_to_2.3, 2.3_to_3.0, 115
Link, 0, 0-LINK10-LINK10, 0.000000, 0.000000, 0.000000, topology, 1.2_to_2.3, 2.3_to_3.0, 116
Link, 0, 0-LINK10-LINK10, 0.000000, 0.000000, 0.000000, topology, 3.2_to_2.3, 2.3_to_3.0, 118
Link, 0, 0-LINK10-LINK10, 0.000000, 0.000000, 0.000000, topology, 0.2_to_2.3, 2.3_to_3.1, 119
Link, 0, 0-LINK10-LINK10, 0.000000, 0.000000, 0.000000, topology, 1.2_to_2.3, 2.3_to_3.1, 120
Link, 0, 0-LINK10-LINK10, 0.000000, 0.000000, 0.000000, topology, 3.2_to_2.3, 2.3_to_3.1, 122
Link, 0, 0-LINK10-LINK10, 0.000000, 0.000000, 0.000000, topology, 0.2_to_2.3, 2.3_to_3.2, 123
Link, 0, 0-LINK10-LINK10, 0.000000, 0.000000, 0.000000, topology, 1.2_to_2.3, 2.3_to_3.2, 124
Link, 0, 0-LINK10-LINK10, 0.000000, 0.000000, 0.000000, topology, 0.3_to_3.0, 3.0_to_0.1, 129
Link, 0, 0-LINK10-LINK10, 0.000000, 0.000000, 0.000000, topology, 1.3_to_3.0, 3.0_to_0.1, 130
Link, 0, 0-LINK10-LINK10, 0.000000, 0.000000, 0.000000, topology, 2.3_to_3.0, 3.0_to_0.1, 131
Link, 0, 0-LINK10-LINK10, 0.000000, 0.000000, 0.000000, topology, 0.3_to_3.0, 3.0_to_0.2, 133
Link, 0, 0-LINK10-LINK10, 0.000000, 0.000000, 0.000000, topology, 1.3_to_3.0, 3.0_to_0.2, 134
Link, 0, 0-LINK10-LINK10, 0.000000, 0.000000, 0.000000, topology, 2.3_to_3.0, 3.0_to_0.2, 135
Link, 0, 0-LINK10-LINK10, 0.000000, 0.000000, 0.000000, topology, 1.3_to_3.0, 3.0_to_0.3, 137
Link, 0, 0-LINK10-LINK10, 0.000000, 0.000000, 0.000000, topology, 2.3_to_3.0, 3.0_to_0.3, 138
Link, 0, 0-LINK10-LINK10, 0.000000, 0.000000, 0.000000, topology, 0.3_to_3.1, 3.1_to_1.0, 143
Link, 0, 0-LINK10-LINK10, 0.000000, 0.000000, 0.000000, topology, 1.3_to_3.1, 3.1_to_1.0, 144
Link, 0, 0-LINK10-LINK10, 0.000000, 0.000000, 0.000000, topology, 2.3_to_3.1, 3.1_to_1.0, 145
Link, 0, 0-LINK10-LINK10, 0.000000, 0.000000, 0.000000, topology, 0.3_to_3.1, 3.1_to_1.2, 147
Link, 0, 0-LINK10-LINK10, 0.000000, 0.000000, 0.000000, topology, 1.3_to_3.1, 3.1_to_1.2, 148
Link, 0, 0-LINK10-LINK10, 0.000000, 0.000000, 0.000000, topology, 2.3_to_3.1, 3.1_to_1.2, 149
Link, 0, 0-LINK10-LINK10, 0.000000, 0.000000, 0.000000, topology, 0.3_to_3.1, 3.1_to_1.3, 151
Link, 0, 0-LINK10-LINK10, 0.000000, 0.000000, 0.000000, topology, 2.3_to_3.1, 3.1_to_1.3, 152
Link, 0, 0-LINK10-LINK10, 0.000000, 0.000000, 0.000000, topology, 0.3_to_3.2, 3.2_to_2.0, 157
Link, 0, 0-LINK10-LINK10, 0.000000, 0.000000, 0.000000, topology, 1.3_to_3.2, 3.2_to_2.0, 158
Link, 0, 0-LINK10-LINK10, 0.000000, 0.000000, 0.000000, topology, 2.3_to_3.2, 3.2_to_2.0, 159
Link, 0, 0-LINK10-LINK10, 0.000000, 0.000000, 0.000000, topology, 0.3_to_3.2, 3.2_to_2.1, 161
Link, 0, 0-LINK10-LINK10, 0.000000, 0.000000, 0.000000, topology, 1.3_to_3.2, 3.2_to_2.1, 162
Link, 0, 0-LINK10-LINK10, 0.000000, 0.000000, 0.000000, topology, 2.3_to_3.2, 3.2_to_2.1, 163
Link, 0, 0-LINK10-LINK10, 0.000000, 0.000000, 0.000000, topology, 0.3_to_3.2, 3.2_to_2.3, 165
Link, 0, 0-LINK10-LINK10, 0.000000, 0.000000, 0.000000, topology, 1.3_to_3.2, 3.2_to_2.3, 166
Link, 0, MPI_LINK, 0.000006, 0.000012, 0.000006, PTP, rank-0, rank-3, 1_4_0_1
Link, 0, MPI_LINK, 0.000007, 0.000012, 0.000005, PTP, rank-3, rank-0, 4_1_0_4
Link, 0, MPI_LINK, 0.000008, 0.000014, 0.000006, PTP, rank-4, rank-7, 5_8_0_6
Link, 0, MPI_LINK, 0.000010, 0.000014, 0.000004, PTP, rank-1, rank-6, 2_7_0_13
Link, 0, MPI_LINK, 0.000010, 0.000014, 0.000004, PTP, rank-8, rank-11, 9_12_0_14
Link, 0, MPI_LINK, 0.000007, 0.000014, 0.000007, PTP, rank-5, rank-10, 6_11_0_5
Link, 0, MPI_LINK, 0.000010, 0.000014, 0.000004, PTP, rank-7, rank-4, 8_5_0_15
Link, 0, MPI_LINK, 0.000010, 0.000014, 0.000004, PTP, rank-6, rank-1, 7_2_0_16
Link, 0, MPI_LINK, 0.000010, 0.000014, 0.000004, PTP, rank-11, rank-8, 12_9_0_17
Link, 0, MPI_LINK, 0.000010, 0.000014, 0.000004, PTP, rank-2, rank-9, 3_10_0_18
Link, 0, MPI_LINK, 0.000010, 0.000014, 0.000004, PTP, rank-9, rank-2, 10_3_0_19
Link, 0, MPI_LINK, 0.000010, 0.000014, 0.000004, PTP, rank-10, rank-5, 11_6_0_24
Link, 0, MPI_LINK, 0.000006, 0.000014, 0.000008, PTP, rank-0, rank-5, 1_6_0_3
Link, 0, MPI_LINK, 0.000008, 0.000015, 0.000007, PTP, rank-4, rank-6, 5_7_0_10
Link, 0, MPI_LINK, 0.000008, 0.000015, 0.000007, PTP, rank-5, rank-9, 6_10_0_11
Link, 0, MPI_LINK, 0.000008, 0.000015, 0.000007, PTP, rank-3, rank-2, 4_3_0_12
Link, 0, MPI_LINK, 0.000010, 0.000015, 0.000005, PTP, rank-6, rank-0, 7_1_0_30
Link, 0, MPI_LINK, 0.000010, 0.000015, 0.000005, PTP, rank-9, rank-0, 10_1_0_26
Link, 0, MPI_LINK, 0.000010, 0.000015, 0.000005, PTP, rank-7, rank-5, 8_6_0_22
Link, 0, MPI_LINK, 0.000010, 0.000015, 0.000005, PTP, rank-11, rank-6, 12_7_0_25
Link, 0, MPI_LINK, 0.000010, 0.000015, 0.000005, PTP, rank-8, rank-9, 9_10_0_21
Link, 0, MPI_LINK, 0.000010, 0.000015, 0.000005, PTP, rank-6, rank-2, 7_3_0_23
Link, 0, MPI_LINK, 0.000010, 0.000015, 0.000005, PTP, rank-8, rank-10, 9_11_0_29
Link, 0, MPI_LINK, 0.000010, 0.000015, 0.000005, PTP, rank-1, rank-8, 2_9_0_28
Link, 0, MPI_LINK, 0.000008, 0.000015, 0.000007, PTP, rank-4, rank-8, 5_9_0_9
Link, 0, MPI_LINK, 0.000010, 0.000015, 0.000005, PTP, rank-2, rank-10, 3_11_0_27
Link, 0, MPI_LINK, 0.000010, 0.000015, 0.000005, PTP, rank-11, rank-7, 12_8_0_32
Link, 0, MPI_LINK, 0.000010, 0.000015, 0.000005, PTP, rank-2, rank-11, 3_12_0_33
Link, 0, MPI_LINK, 0.000008, 0.000015, 0.000007, PTP, rank-5, rank-11, 6_12_0_8
Link, 0, MPI_LINK, 0.000010, 0.000015, 0.000005, PTP, rank-9, rank-1, 10_2_0_34
Link, 0, MPI_LINK, 0.000008, 0.000015, 0.000007, PTP, rank-3, rank-1, 4_2_0_7
Link, 0, MPI_LINK, 0.000010, 0.000015, 0.000005, PTP, rank-10, rank-4, 11_5_0_35
Link, 0, MPI_LINK, 0.000006, 0.000015, 0.000009, PTP, rank-0, rank-4, 1_5_0_2
Link, 0, MPI_LINK, 0.000010, 0.000015, 0.000005, PTP, rank-7, rank-3, 8_4_0_36
Link, 0, MPI_LINK, 0.000010, 0.000015, 0.000005, PTP, rank-10, rank-3, 11_4_0_31
Link, 0, MPI_LINK, 0.000010, 0.000015, 0.000005, PTP, rank-1, rank-7, 2_8_0_20
Link, 0, MPI_LINK, 0.000015, 0.000018, 0.000003, PTP, rank-9, rank-2, 10_3_5_58
Link, 0, MPI_LINK, 0.000015, 0.000018, 0.000003, PTP, rank-2, rank-9, 3_10_3_57
Link, 0, MPI_LINK, 0.000015, 0.000018, 0.000003, PTP, rank-9, rank-2, 10_3_8_64
Link, 0, MPI_LINK, 0.000015, 0.000018, 0.000003, PTP, rank-2, rank-9, 3_10_6_63
Link, 0, MPI_LINK, 0.000015, 0.000018, 0.000003, PTP, rank-11, rank-8, 12_9_2_89
Link, 0, MPI_LINK, 0.000015, 0.000018, 0.000003, PTP, rank-8, rank-11, 9_12_1_79
Link, 0, MPI_LINK, 0.000015, 0.000018, 0.000003, PTP, rank-1, rank-6, 2_7_9_90
Link, 0, MPI_LINK, 0.000015, 0.000018, 0.000003, PTP, rank-6, rank-1, 7_2_4_71
Link, 0, MPI_LINK, 0.000015, 0.000018, 0.000003, PTP, rank-11, rank-8, 12_9_5_95
Link, 0, MPI_LINK, 0.000015, 0.000018, 0.000003, PTP, rank-8, rank-11, 9_12_4_82
Link, 0, MPI_LINK, 0.000015, 0.000018, 0.000003, PTP, rank-1, rank-6, 2_7_3_96
Link, 0, MPI_LINK, 0.000015, 0.000018, 0.000003, PTP, rank-6, rank-1, 7_2_11_74
Link, 0, MPI_LINK, 0.000015, 0.000018, 0.000003, PTP, rank-10, rank-5, 11_6_8_103
Link, 0, MPI_LINK, 0.000015, 0.000018, 0.000003, PTP, rank-5, rank-10, 6_11_0_47
Link, 0, MPI_LINK, 0.000015, 0.000018, 0.000003, PTP, rank-10, rank-5, 11_6_2_106
Link, 0, MPI_LINK, 0.000015, 0.000018, 0.000003, PTP, rank-5, rank-10, 6_11_7_50
Link, 0, MPI_LINK, 0.000015, 0.000018, 0.000003, PTP, rank-3, rank-0, 4_1_7_119
Link, 0, MPI_LINK, 0.000015, 0.000018, 0.000003, PTP, rank-0, rank-3, 1_4_6_39
Link, 0, MPI_LINK, 0.000015, 0.000018, 0.000003, PTP, rank-3, rank-0, 4_1_10_122
Link, 0, MPI_LINK, 0.000015, 0.000018, 0.000003, PTP, rank-0, rank-3, 1_4_9_42
Link, 0, MPI_LINK, 0.000015, 0.000018, 0.000003, PTP, rank-7, rank-4, 8_5_11_127
Link, 0, MPI_LINK, 0.000015, 0.000018, 0.000003, PTP, rank-4, rank-7, 5_8_10_111
Link, 0, MPI_LINK, 0.000015, 0.000018, 0.000003, PTP, rank-7, rank-4, 8_5_1_130
Link, 0, MPI_LINK, 0.000015, 0.000018, 0.000003, PTP, rank-4, rank-7, 5_8_0_114
Link, 0, MPI_LINK, 0.000015, 0.000018, 0.000003, PTP, rank-0, rank-5, 1_6_3_38
Link, 0, MPI_LINK, 0.000015, 0.000018, 0.000003, PTP, rank-0, rank-5, 1_6_6_41
Link, 0, MPI_LINK, 0.000015, 0.000018, 0.000003, PTP, rank-0, rank-5, 1_6_9_44
Link, 0, MPI_LINK, 0.000015, 0.000018, 0.000003, PTP, rank-6, rank-0, 7_1_1_70
Link, 0, MPI_LINK, 0.000015, 0.000018, 0.000003, PTP, rank-6, rank-0, 7_1_4_73
Link, 0, MPI_LINK, 0.000015, 0.000018, 0.000003, PTP, rank-6, rank-0, 7_1_11_76
Link, 0, MPI_LINK, 0.000015, 0.000018, 0.000003, PTP, rank-5, rank-9, 6_10_10_46
Link, 0, MPI_LINK, 0.000015, 0.000018, 0.000003, PTP, rank-9, rank-0, 10_1_2_54
Link, 0, MPI_LINK, 0.000015, 0.000018, 0.000003, PTP, rank-5, rank-9, 6_10_0_49
Link, 0, MPI_LINK, 0.000015, 0.000018, 0.000003, PTP, rank-9, rank-0, 10_1_5_60
Link, 0, MPI_LINK, 0.000015, 0.000018, 0.000003, PTP, rank-5, rank-9, 6_10_7_52
Link, 0, MPI_LINK, 0.000015, 0.000018, 0.000003, PTP, rank-9, rank-0, 10_1_8_66
Link, 0, MPI_LINK, 0.000015, 0.000018, 0.000003, PTP, rank-8, rank-9, 9_10_11_77
Link, 0, MPI_LINK, 0.000015, 0.000018, 0.000003, PTP, rank-8, rank-9, 9_10_1_80
Link, 0, MPI_LINK, 0.000015, 0.000018, 0.000003, PTP, rank-8, rank-9, 9_10_4_83
Link, 0, MPI_LINK, 0.000015, 0.000018, 0.000003, PTP, rank-8, rank-10, 9_11_11_78
Link, 0, MPI_LINK, 0.000015, 0.000018, 0.000003, PTP, rank-2, rank-11, 3_12_9_55
Link, 0, MPI_LINK, 0.000015, 0.000018, 0.000003, PTP, rank-8, rank-10, 9_11_1_81
Link, 0, MPI_LINK, 0.000015, 0.000018, 0.000003, PTP, rank-2, rank-11, 3_12_3_61
Link, 0, MPI_LINK, 0.000015, 0.000018, 0.000003, PTP, rank-8, rank-10, 9_11_4_84
Link, 0, MPI_LINK, 0.000015, 0.000018, 0.000003, PTP, rank-2, rank-11, 3_12_6_67
Link, 0, MPI_LINK, 0.000015, 0.000018, 0.000003, PTP, rank-2, rank-10, 3_11_9_53
Link, 0, MPI_LINK, 0.000015, 0.000018, 0.000003, PTP, rank-5, rank-11, 6_12_10_45
Link, 0, MPI_LINK, 0.000015, 0.000018, 0.000003, PTP, rank-2, rank-10, 3_11_3_59
Link, 0, MPI_LINK, 0.000015, 0.000018, 0.000003, PTP, rank-5, rank-11, 6_12_0_48
Link, 0, MPI_LINK, 0.000015, 0.000018, 0.000003, PTP, rank-2, rank-10, 3_11_6_65
Link, 0, MPI_LINK, 0.000015, 0.000018, 0.000003, PTP, rank-5, rank-11, 6_12_7_51
Link, 0, MPI_LINK, 0.000015, 0.000018, 0.000003, PTP, rank-9, rank-1, 10_2_2_56
Link, 0, MPI_LINK, 0.000015, 0.000018, 0.000003, PTP, rank-1, rank-8, 2_9_6_88
Link, 0, MPI_LINK, 0.000015, 0.000018, 0.000003, PTP, rank-9, rank-1, 10_2_5_62
Link, 0, MPI_LINK, 0.000015, 0.000018, 0.000003, PTP, rank-1, rank-8, 2_9_9_94
Link, 0, MPI_LINK, 0.000015, 0.000018, 0.000003, PTP, rank-9, rank-1, 10_2_8_68
Link, 0, MPI_LINK, 0.000015, 0.000018, 0.000003, PTP, rank-1, rank-8, 2_9_3_100
Link, 0, MPI_LINK, 0.000015, 0.000019, 0.000004, PTP, rank-4, rank-8, 5_9_7_109
Link, 0, MPI_LINK, 0.000015, 0.000019, 0.000004, PTP, rank-4, rank-6, 5_7_7_110
Link, 0, MPI_LINK, 0.000015, 0.000019, 0.000004, PTP, rank-4, rank-6, 5_7_10_113
Link, 0, MPI_LINK, 0.000015, 0.000019, 0.000004, PTP, rank-4, rank-6, 5_7_0_116
Link, 0, MPI_LINK, 0.000015, 0.000019, 0.000004, PTP, rank-11, rank-6, 12_7_8_85
Link, 0, MPI_LINK, 0.000015, 0.000019, 0.000004, PTP, rank-11, rank-6, 12_7_2_91
Link, 0, MPI_LINK, 0.000015, 0.000019, 0.000004, PTP, rank-11, rank-6, 12_7_5_97
Link, 0, MPI_LINK, 0.000015, 0.000019, 0.000004, PTP, rank-4, rank-8, 5_9_10_112
Link, 0, MPI_LINK, 0.000015, 0.000019, 0.000004, PTP, rank-10, rank-4, 11_5_5_102
Link, 0, MPI_LINK, 0.000015, 0.000019, 0.000004, PTP, rank-4, rank-8, 5_9_0_115
Link, 0, MPI_LINK, 0.000015, 0.000019, 0.000004, PTP, rank-10, rank-4, 11_5_8_105
Link, 0, MPI_LINK, 0.000015, 0.000019, 0.000004, PTP, rank-10, rank-4, 11_5_2_108
Link, 0, MPI_LINK, 0.000015, 0.000019, 0.000004, PTP, rank-0, rank-4, 1_5_3_37
Link, 0, MPI_LINK, 0.000015, 0.000019, 0.000004, PTP, rank-0, rank-4, 1_5_6_40
Link, 0, MPI_LINK, 0.000015, 0.000019, 0.000004, PTP, rank-0, rank-4, 1_5_9_43
Link, 0, MPI_LINK, 0.000015, 0.000019, 0.000004, PTP, rank-3, rank-1, 4_2_0_117
Link, 0, MPI_LINK, 0.000015, 0.000019, 0.000004, PTP, rank-3, rank-1, 4_2_7_120
Link, 0, MPI_LINK, 0.000015, 0.000019, 0.000004, PTP, rank-3, rank-1, 4_2_10_123
Link, 0, MPI_LINK, 0.000015, 0.000019, 0.000004, PTP, rank-3, rank-2, 4_3_0_118
Link, 0, MPI_LINK, 0.000015, 0.000019, 0.000004, PTP, rank-3, rank-2, 4_3_7_121
Link, 0, MPI_LINK, 0.000015, 0.000019, 0.000004, PTP, rank-3, rank-2, 4_3_10_124
Link, 0, MPI_LINK, 0.000015, 0.000019, 0.000004, PTP, rank-6, rank-2, 7_3_1_69
Link, 0, MPI_LINK, 0.000015, 0.000019, 0.000004, PTP, rank-6, rank-2, 7_3_4_72
Link, 0, MPI_LINK, 0.000015, 0.000019, 0.000004, PTP, rank-6, rank-2, 7_3_11_75
Link, 0, MPI_LINK, 0.000015, 0.000019, 0.000004, PTP, rank-11, rank-7, 12_8_8_87
Link, 0, MPI_LINK, 0.000015, 0.000019, 0.000004, PTP, rank-7, rank-5, 8_6_4_125
Link, 0, MPI_LINK, 0.000015, 0.000019, 0.000004, PTP, rank-11, rank-7, 12_8_2_93
Link, 0, MPI_LINK, 0.000015, 0.000019, 0.000004, PTP, rank-7, rank-5, 8_6_11_128
Link, 0, MPI_LINK, 0.000015, 0.000019, 0.000004, PTP, rank-11, rank-7, 12_8_5_99
Link, 0, MPI_LINK, 0.000015, 0.000019, 0.000004, PTP, rank-7, rank-5, 8_6_1_131
Link, 0, MPI_LINK, 0.000015, 0.000019, 0.000004, PTP, rank-1, rank-7, 2_8_6_86
Link, 0, MPI_LINK, 0.000015, 0.000019, 0.000004, PTP, rank-7, rank-3, 8_4_4_126
Link, 0, MPI_LINK, 0.000015, 0.000019, 0.000004, PTP, rank-1, rank-7, 2_8_9_92
Link, 0, MPI_LINK, 0.000015, 0.000019, 0.000004, PTP, rank-7, rank-3, 8_4_11_129
Link, 0, MPI_LINK, 0.000015, 0.000019, 0.000004, PTP, rank-1, rank-7, 2_8_3_98
Link, 0, MPI_LINK, 0.000015, 0.000019, 0.000004, PTP, rank-7, rank-3, 8_4_1_132
Link, 0, MPI_LINK, 0.000015, 0.000019, 0.000004, PTP, rank-10, rank-3, 11_4_5_101
Link, 0, MPI_LINK, 0.000015, 0.000019, 0.000004, PTP, rank-10, rank-3, 11_4_8_104
Link, 0, MPI_LINK, 0.000015, 0.000019, 0.000004, PTP, rank-10, rank-3, 11_4_2_107
Container, 0, HOST, 0, 2.7e-05, 2.7e-05, 2.3
Variable, 2.3, speed, 0.000000, 0.000027, 0.000027, 99999997952.000000
Variable, 2.3, core_count, 0.000000, 0.000027, 0.000027, 1.000000
Variable, 2.3, speed_used, 0.000000, 0.000001, 0.000001, 99999997952.000000
Variable, 2.3, speed_used, 0.000001, 0.000009, 0.000008, 0.000000
Variable, 2.3, speed_used, 0.000009, 0.000010, 0.000001, 99999997952.000000
Variable, 2.3, speed_used, 0.000010, 0.000015, 0.000005, 0.000000
Variable, 2.3, speed_used, 0.000015, 0.000027, 0.000012, 0.000000
Variable, 2.3, speed_used, 0.000027, 0.000027, 0.000000, 0.000000
Container, 0, HOST, 0, 2.7e-05, 2.7e-05, 2.1
Variable, 2.1, speed, 0.000000, 0.000027, 0.000027, 99999997952.000000
Variable, 2.1, core_count, 0.000000, 0.000027, 0.000027, 1.000000
Variable, 2.1, speed_used, 0.000000, 0.000001, 0.000001, 99999997952.000000
Variable, 2.1, speed_used, 0.000001, 0.000009, 0.000008, 0.000000
Variable, 2.1, speed_used, 0.000009, 0.000010, 0.000001, 99999997952.000000
Variable, 2.1, speed_used, 0.000010, 0.000015, 0.000005, 0.000000
Variable, 2.1, speed_used, 0.000015, 0.000027, 0.000012, 0.000000
Container, 0, HOST, 0, 2.7e-05, 2.7e-05, 2.0
Variable, 2.0, speed, 0.000000, 0.000027, 0.000027, 99999997952.000000
Variable, 2.0, core_count, 0.000000, 0.000027, 0.000027, 1.000000
Variable, 2.0, speed_used, 0.000000, 0.000001, 0.000001, 99999997952.000000
Variable, 2.0, speed_used, 0.000001, 0.000009, 0.000008, 0.000000
Variable, 2.0, speed_used, 0.000009, 0.000010, 0.000001, 99999997952.000000
Variable, 2.0, speed_used, 0.000010, 0.000015, 0.000005, 0.000000
Variable, 2.0, speed_used, 0.000015, 0.000027, 0.000012, 0.000000
Container, 0, HOST, 0, 2.7e-05, 2.7e-05, 1.3
Variable, 1.3, speed, 0.000000, 0.000027, 0.000027, 99999997952.000000
Variable, 1.3, core_count, 0.000000, 0.000027, 0.000027, 1.000000
Variable, 1.3, speed_used, 0.000000, 0.000001, 0.000001, 99999997952.000000
Variable, 1.3, speed_used, 0.000001, 0.000007, 0.000006, 0.000000
Variable, 1.3, speed_used, 0.000007, 0.000008, 0.000001, 99999997952.000000
Variable, 1.3, speed_used, 0.000008, 0.000015, 0.000007, 0.000000
Variable, 1.3, speed_used, 0.000015, 0.000025, 0.000010, 0.000000
Variable, 1.3, speed_used, 0.000025, 0.000027, 0.000002, 0.000000
Container, 0, HOST, 0, 2.7e-05, 2.7e-05, 1.2
Variable, 1.2, speed, 0.000000, 0.000027, 0.000027, 99999997952.000000
Variable, 1.2, core_count, 0.000000, 0.000027, 0.000027, 1.000000
Variable, 1.2, speed_used, 0.000000, 0.000001, 0.000001, 99999997952.000000
Variable, 1.2, speed_used, 0.000001, 0.000007, 0.000006, 0.000000
Variable, 1.2, speed_used, 0.000007, 0.000008, 0.000001, 99999997952.000000
Variable, 1.2, speed_used, 0.000008, 0.000014, 0.000006, 0.000000
Variable, 1.2, speed_used, 0.000014, 0.000015, 0.000001, 0.000000
Variable, 1.2, speed_used, 0.000015, 0.000027, 0.000012, 0.000000
Container, 0, HOST, 0, 2.7e-05, 2.7e-05, 1.0
Variable, 1.0, speed, 0.000000, 0.000027, 0.000027, 99999997952.000000
Variable, 1.0, core_count, 0.000000, 0.000027, 0.000027, 1.000000
Variable, 1.0, speed_used, 0.000000, 0.000001, 0.000001, 99999997952.000000
Variable, 1.0, speed_used, 0.000001, 0.000007, 0.000006, 0.000000
Variable, 1.0, speed_used, 0.000007, 0.000008, 0.000001, 99999997952.000000
Variable, 1.0, speed_used, 0.000008, 0.000012, 0.000004, 0.000000
Variable, 1.0, speed_used, 0.000012, 0.000015, 0.000003, 0.000000
Variable, 1.0, speed_used, 0.000015, 0.000025, 0.000010, 0.000000
Variable, 1.0, speed_used, 0.000025, 0.000027, 0.000002, 0.000000
Container, 0, HOST, 0, 2.7e-05, 2.7e-05, 0.3
Variable, 0.3, speed, 0.000000, 0.000027, 0.000027, 99999997952.000000
Variable, 0.3, core_count, 0.000000, 0.000027, 0.000027, 1.000000
Variable, 0.3, speed_used, 0.000000, 0.000001, 0.000001, 99999997952.000000
Variable, 0.3, speed_used, 0.000001, 0.000009, 0.000008, 0.000000
Variable, 0.3, speed_used, 0.000009, 0.000010, 0.000001, 99999997952.000000
Variable, 0.3, speed_used, 0.000010, 0.000015, 0.000005, 0.000000
Variable, 0.3, speed_used, 0.000015, 0.000027, 0.000012, 0.000000
Variable, 0.3, speed_used, 0.000027, 0.000027, 0.000000, 0.000000
Container, 0, HOST, 0, 2.7e-05, 2.7e-05, 0.2
Variable, 0.2, speed, 0.000000, 0.000027, 0.000027, 99999997952.000000
Variable, 0.2, core_count, 0.000000, 0.000027, 0.000027, 1.000000
Variable, 0.2, speed_used, 0.000000, 0.000001, 0.000001, 99999997952.000000
Variable, 0.2, speed_used, 0.000001, 0.000009, 0.000008, 0.000000
Variable, 0.2, speed_used, 0.000009, 0.000010, 0.000001, 99999997952.000000
Variable, 0.2, speed_used, 0.000010, 0.000015, 0.000005, 0.000000
Variable, 0.2, speed_used, 0.000015, 0.000027, 0.000012, 0.000000
Variable, 0.2, speed_used, 0.000027, 0.000027, 0.000000, 0.000000
Container, 0, HOST, 0, 2.7e-05, 2.7e-05, 3.2
Variable, 3.2, speed, 0.000000, 0.000027, 0.000027, 99999997952.000000
Variable, 3.2, core_count, 0.000000, 0.000027, 0.000027, 1.000000
Variable, 3.2, speed_used, 0.000000, 0.000001, 0.000001, 99999997952.000000
Variable, 3.2, speed_used, 0.000001, 0.000009, 0.000008, 0.000000
Variable, 3.2, speed_used, 0.000009, 0.000010, 0.000001, 99999997952.000000
Variable, 3.2, speed_used, 0.000010, 0.000015, 0.000005, 0.000000
Variable, 3.2, speed_used, 0.000015, 0.000027, 0.000012, 0.000000
Container, 0, HOST, 0, 2.7e-05, 2.7e-05, 3.1
Variable, 3.1, speed, 0.000000, 0.000027, 0.000027, 99999997952.000000
Variable, 3.1, core_count, 0.000000, 0.000027, 0.000027, 1.000000
Variable, 3.1, speed_used, 0.000000, 0.000001, 0.000001, 99999997952.000000
Variable, 3.1, speed_used, 0.000001, 0.000009, 0.000008, 0.000000
Variable, 3.1, speed_used, 0.000009, 0.000010, 0.000001, 99999997952.000000
Variable, 3.1, speed_used, 0.000010, 0.000015, 0.000005, 0.000000
Variable, 3.1, speed_used, 0.000015, 0.000027, 0.000012, 0.000000
Variable, 3.1, speed_used, 0.000027, 0.000027, 0.000000, 0.000000
Container, 0, HOST, 0, 2.7e-05, 2.7e-05, 3.0
Variable, 3.0, speed, 0.000000, 0.000027, 0.000027, 99999997952.000000
Variable, 3.0, core_count, 0.000000, 0.000027, 0.000027, 1.000000
Variable, 3.0, speed_used, 0.000000, 0.000001, 0.000001, 99999997952.000000
Variable, 3.0, speed_used, 0.000001, 0.000009, 0.000008, 0.000000
Variable, 3.0, speed_used, 0.000009, 0.000010, 0.000001, 99999997952.000000
Variable, 3.0, speed_used, 0.000010, 0.000015, 0.000005, 0.000000
Variable, 3.0, speed_used, 0.000015, 0.000027, 0.000012, 0.000000
Variable, 3.0, speed_used, 0.000027, 0.000027, 0.000000, 0.000000
Container, 0, HOST, 0, 2.7e-05, 2.7e-05, 0.1
Variable, 0.1, speed, 0.000000, 0.000027, 0.000027, 99999997952.000000
Variable, 0.1, core_count, 0.000000, 0.000027, 0.000027, 1.000000
Variable, 0.1, speed_used, 0.000000, 0.000001, 0.000001, 99999997952.000000
Variable, 0.1, speed_used, 0.000001, 0.000005, 0.000004, 0.000000
Variable, 0.1, speed_used, 0.000005, 0.000006, 0.000001, 99999997952.000000
Variable, 0.1, speed_used, 0.000006, 0.000012, 0.000006, 0.000000
Variable, 0.1, speed_used, 0.000012, 0.000015, 0.000003, 0.000000
Variable, 0.1, speed_used, 0.000015, 0.000023, 0.000008, 0.000000
Variable, 0.1, speed_used, 0.000023, 0.000027, 0.000004, 0.000000
Container, 0, LINK, 0, 2.7e-05, 2.7e-05, 3.2_to_2.3
Variable, 3.2_to_2.3, bandwidth, 0.000000, 0.000027, 0.000027, 12499999744.000000
Variable, 3.2_to_2.3, latency, 0.000000, 0.000027, 0.000027, 0.000001
Variable, 3.2_to_2.3, bandwidth_used, 0.000012, 0.000014, 0.000002, 349577376.000000
Variable, 3.2_to_2.3, bandwidth_used, 0.000014, 0.000017, 0.000003, 0.000000
Variable, 3.2_to_2.3, bandwidth_used, 0.000017, 0.000018, 0.000001, 9686625184.000000
Variable, 3.2_to_2.3, bandwidth_used, 0.000018, 0.000027, 0.000009, 0.000000
Container, 0, LINK, 0, 2.7e-05, 2.7e-05, 3.2_to_2.1
Variable, 3.2_to_2.1, bandwidth, 0.000000, 0.000027, 0.000027, 12499999744.000000
Variable, 3.2_to_2.1, latency, 0.000000, 0.000027, 0.000027, 0.000001
Variable, 3.2_to_2.1, bandwidth_used, 0.000013, 0.000015, 0.000002, 396514784.000000
Variable, 3.2_to_2.1, bandwidth_used, 0.000015, 0.000017, 0.000002, 0.000000
Variable, 3.2_to_2.1, bandwidth_used, 0.000017, 0.000018, 0.000001, 440301120.000000
Variable, 3.2_to_2.1, bandwidth_used, 0.000018, 0.000019, 0.000001, 9686625168.000000
Variable, 3.2_to_2.1, bandwidth_used, 0.000019, 0.000027, 0.000008, 0.000000
Container, 0, LINK, 0, 2.7e-05, 2.7e-05, 3.2_to_2.0
Variable, 3.2_to_2.0, bandwidth, 0.000000, 0.000027, 0.000027, 12499999744.000000
Variable, 3.2_to_2.0, latency, 0.000000, 0.000027, 0.000027, 0.000001
Variable, 3.2_to_2.0, bandwidth_used, 0.000005, 0.000009, 0.000004, 0.000000
Variable, 3.2_to_2.0, bandwidth_used, 0.000009, 0.000013, 0.000004, 0.000000
Variable, 3.2_to_2.0, bandwidth_used, 0.000013, 0.000015, 0.000002, 7930295296.000000
Variable, 3.2_to_2.0, bandwidth_used, 0.000015, 0.000017, 0.000002, 0.000000
Variable, 3.2_to_2.0, bandwidth_used, 0.000017, 0.000018, 0.000001, 440301120.000000
Variable, 3.2_to_2.0, bandwidth_used, 0.000018, 0.000023, 0.000005, 0.000000
Variable, 3.2_to_2.0, bandwidth_used, 0.000023, 0.000027, 0.000004, 0.000000
Variable, 3.2_to_2.0, bandwidth_used, 0.000027, 0.000027, 0.000000, 0.000000
Container, 0, LINK, 0, 2.7e-05, 2.7e-05, 3.1_to_1.3
Variable, 3.1_to_1.3, bandwidth, 0.000000, 0.000027, 0.000027, 12499999744.000000
Variable, 3.1_to_1.3, latency, 0.000000, 0.000027, 0.000027, 0.000001
Variable, 3.1_to_1.3, bandwidth_used, 0.000012, 0.000014, 0.000002, 349577376.000000
Variable, 3.1_to_1.3, bandwidth_used, 0.000014, 0.000017, 0.000003, 0.000000
Variable, 3.1_to_1.3, bandwidth_used, 0.000017, 0.000018, 0.000001, 9686625184.000000
Variable, 3.1_to_1.3, bandwidth_used, 0.000018, 0.000027, 0.000009, 0.000000
Container, 0, LINK, 0, 2.7e-05, 2.7e-05, 3.1_to_1.2
Variable, 3.1_to_1.2, bandwidth, 0.000000, 0.000027, 0.000027, 12499999744.000000
Variable, 3.1_to_1.2, latency, 0.000000, 0.000027, 0.000027, 0.000001
Variable, 3.1_to_1.2, bandwidth_used, 0.000013, 0.000015, 0.000002, 396514784.000000
Variable, 3.1_to_1.2, bandwidth_used, 0.000015, 0.000017, 0.000002, 0.000000
Variable, 3.1_to_1.2, bandwidth_used, 0.000017, 0.000018, 0.000001, 440301120.000000
Variable, 3.1_to_1.2, bandwidth_used, 0.000018, 0.000019, 0.000001, 153755952.000000
Variable, 3.1_to_1.2, bandwidth_used, 0.000019, 0.000027, 0.000008, 0.000000
Container, 0, LINK, 0, 2.7e-05, 2.7e-05, 3.1_to_1.0
Variable, 3.1_to_1.0, bandwidth, 0.000000, 0.000027, 0.000027, 12499999744.000000
Variable, 3.1_to_1.0, latency, 0.000000, 0.000027, 0.000027, 0.000001
Variable, 3.1_to_1.0, bandwidth_used, 0.000005, 0.000009, 0.000004, 0.000000
Variable, 3.1_to_1.0, bandwidth_used, 0.000009, 0.000013, 0.000004, 0.000000
Variable, 3.1_to_1.0, bandwidth_used, 0.000013, 0.000015, 0.000002, 396514784.000000
Variable, 3.1_to_1.0, bandwidth_used, 0.000015, 0.000017, 0.000002, 0.000000
Variable, 3.1_to_1.0, bandwidth_used, 0.000017, 0.000018, 0.000001, 440301120.000000
Variable, 3.1_to_1.0, bandwidth_used, 0.000018, 0.000019, 0.000001, 9686625168.000000
Variable, 3.1_to_1.0, bandwidth_used, 0.000019, 0.000023, 0.000004, 0.000000
Variable, 3.1_to_1.0, bandwidth_used, 0.000023, 0.000027, 0.000004, 0.000000
Variable, 3.1_to_1.0, bandwidth_used, 0.000027, 0.000027, 0.000000, 0.000000
Container, 0, LINK, 0, 2.7e-05, 2.7e-05, 3.0_to_0.3
Variable, 3.0_to_0.3, bandwidth, 0.000000, 0.000027, 0.000027, 12499999744.000000
Variable, 3.0_to_0.3, latency, 0.000000, 0.000027, 0.000027, 0.000001
Variable, 3.0_to_0.3, bandwidth_used, 0.000012, 0.000014, 0.000002, 349577376.000000
Variable, 3.0_to_0.3, bandwidth_used, 0.000014, 0.000017, 0.000003, 0.000000
Variable, 3.0_to_0.3, bandwidth_used, 0.000017, 0.000018, 0.000001, 9686625184.000000
Variable, 3.0_to_0.3, bandwidth_used, 0.000018, 0.000027, 0.000009, 0.000000
Container, 0, LINK, 0, 2.7e-05, 2.7e-05, 3.0_to_0.2
Variable, 3.0_to_0.2, bandwidth, 0.000000, 0.000027, 0.000027, 12499999744.000000
Variable, 3.0_to_0.2, latency, 0.000000, 0.000027, 0.000027, 0.000001
Variable, 3.0_to_0.2, bandwidth_used, 0.000013, 0.000015, 0.000002, 396514784.000000
Variable, 3.0_to_0.2, bandwidth_used, 0.000015, 0.000017, 0.000002, 0.000000
Variable, 3.0_to_0.2, bandwidth_used, 0.000017, 0.000018, 0.000001, 440301120.000000
Variable, 3.0_to_0.2, bandwidth_used, 0.000018, 0.000027, 0.000009, 0.000000
Container, 0, LINK, 0, 2.7e-05, 2.7e-05, 3.0_to_0.1
Variable, 3.0_to_0.1, bandwidth, 0.000000, 0.000027, 0.000027, 12499999744.000000
Variable, 3.0_to_0.1, latency, 0.000000, 0.000027, 0.000027, 0.000001
Variable, 3.0_to_0.1, bandwidth_used, 0.000003, 0.000005, 0.000002, 0.000000
Variable, 3.0_to_0.1, bandwidth_used, 0.000005, 0.000007, 0.000002, 0.000000
Variable, 3.0_to_0.1, bandwidth_used, 0.000007, 0.000009, 0.000002, 0.000000
Variable, 3.0_to_0.1, bandwidth_used, 0.000009, 0.000011, 0.000002, 0.000000
Variable, 3.0_to_0.1, bandwidth_used, 0.000011, 0.000013, 0.000002, 436166240.000000
Variable, 3.0_to_0.1, bandwidth_used, 0.000013, 0.000015, 0.000002, 415396416.000000
Variable, 3.0_to_0.1, bandwidth_used, 0.000015, 0.000017, 0.000002, 0.000000
Variable, 3.0_to_0.1, bandwidth_used, 0.000017, 0.000018, 0.000001, 440301120.000000
Variable, 3.0_to_0.1, bandwidth_used, 0.000018, 0.000020, 0.000002, 0.000000
Variable, 3.0_to_0.1, bandwidth_used, 0.000020, 0.000023, 0.000003, 0.000000
Variable, 3.0_to_0.1, bandwidth_used, 0.000023, 0.000025, 0.000002, 0.000000
Variable, 3.0_to_0.1, bandwidth_used, 0.000025, 0.000027, 0.000002, 0.000000
Variable, 3.0_to_0.1, bandwidth_used, 0.000027, 0.000027, 0.000000, 0.000000
Container, 0, LINK, 0, 2.7e-05, 2.7e-05, 2.3_to_3.2
Variable, 2.3_to_3.2, bandwidth, 0.000000, 0.000027, 0.000027, 12499999744.000000
Variable, 2.3_to_3.2, latency, 0.000000, 0.000027, 0.000027, 0.000001
Variable, 2.3_to_3.2, bandwidth_used, 0.000012, 0.000014, 0.000002, 6991547392.000000
Variable, 2.3_to_3.2, bandwidth_used, 0.000014, 0.000017, 0.000003, 0.000000
Variable, 2.3_to_3.2, bandwidth_used, 0.000017, 0.000018, 0.000001, 9686625184.000000
Variable, 2.3_to_3.2, bandwidth_used, 0.000018, 0.000027, 0.000009, 0.000000
Container, 0, LINK, 0, 2.7e-05, 2.7e-05, 2.3_to_3.1
Variable, 2.3_to_3.1, bandwidth, 0.000000, 0.000027, 0.000027, 12499999744.000000
Variable, 2.3_to_3.1, latency, 0.000000, 0.000027, 0.000027, 0.000001
Variable, 2.3_to_3.1, bandwidth_used, 0.000013, 0.000015, 0.000002, 396514784.000000
Variable, 2.3_to_3.1, bandwidth_used, 0.000015, 0.000017, 0.000002, 0.000000
Variable, 2.3_to_3.1, bandwidth_used, 0.000017, 0.000018, 0.000001, 8806022400.000000
Variable, 2.3_to_3.1, bandwidth_used, 0.000018, 0.000019, 0.000001, 153755952.000000
Variable, 2.3_to_3.1, bandwidth_used, 0.000019, 0.000027, 0.000008, 0.000000
Container, 0, LINK, 0, 2.7e-05, 2.7e-05, 2.3_to_3.0
Variable, 2.3_to_3.0, bandwidth, 0.000000, 0.000027, 0.000027, 12499999744.000000
Variable, 2.3_to_3.0, latency, 0.000000, 0.000027, 0.000027, 0.000001
Variable, 2.3_to_3.0, bandwidth_used, 0.000005, 0.000009, 0.000004, 0.000000
Variable, 2.3_to_3.0, bandwidth_used, 0.000009, 0.000013, 0.000004, 0.000000
Variable, 2.3_to_3.0, bandwidth_used, 0.000013, 0.000015, 0.000002, 7930295296.000000
Variable, 2.3_to_3.0, bandwidth_used, 0.000015, 0.000017, 0.000002, 0.000000
Variable, 2.3_to_3.0, bandwidth_used, 0.000017, 0.000018, 0.000001, 8806022400.000000
Variable, 2.3_to_3.0, bandwidth_used, 0.000018, 0.000023, 0.000005, 0.000000
Variable, 2.3_to_3.0, bandwidth_used, 0.000023, 0.000027, 0.000004, 0.000000
Variable, 2.3_to_3.0, bandwidth_used, 0.000027, 0.000027, 0.000000, 0.000000
Container, 0, LINK, 0, 2.7e-05, 2.7e-05, 2.1_to_1.3
Variable, 2.1_to_1.3, bandwidth, 0.000000, 0.000027, 0.000027, 12499999744.000000
Variable, 2.1_to_1.3, latency, 0.000000, 0.000027, 0.000027, 0.000001
Variable, 2.1_to_1.3, bandwidth_used, 0.000013, 0.000015, 0.000002, 7930295296.000000
Variable, 2.1_to_1.3, bandwidth_used, 0.000015, 0.000017, 0.000002, 0.000000
Variable, 2.1_to_1.3, bandwidth_used, 0.000017, 0.000018, 0.000001, 440301120.000000
Variable, 2.1_to_1.3, bandwidth_used, 0.000018, 0.000019, 0.000001, 9686625168.000000
Variable, 2.1_to_1.3, bandwidth_used, 0.000019, 0.000027, 0.000008, 0.000000
Container, 0, LINK, 0, 2.7e-05, 2.7e-05, 2.1_to_1.2
Variable, 2.1_to_1.2, bandwidth, 0.000000, 0.000027, 0.000027, 12499999744.000000
Variable, 2.1_to_1.2, latency, 0.000000, 0.000027, 0.000027, 0.000001
Variable, 2.1_to_1.2, bandwidth_used, 0.000012, 0.000014, 0.000002, 349577376.000000
Variable, 2.1_to_1.2, bandwidth_used, 0.000014, 0.000017, 0.000003, 0.000000
Variable, 2.1_to_1.2, bandwidth_used, 0.000017, 0.000018, 0.000001, 9686625184.000000
Variable, 2.1_to_1.2, bandwidth_used, 0.000018, 0.000027, 0.000009, 0.000000
Container, 0, LINK, 0, 2.7e-05, 2.7e-05, 2.1_to_1.0
Variable, 2.1_to_1.0, bandwidth, 0.000000, 0.000027, 0.000027, 12499999744.000000
Variable, 2.1_to_1.0, latency, 0.000000, 0.000027, 0.000027, 0.000001
Variable, 2.1_to_1.0, bandwidth_used, 0.000005, 0.000009, 0.000004, 0.000000
Variable, 2.1_to_1.0, bandwidth_used, 0.000009, 0.000013, 0.000004, 0.000000
Variable, 2.1_to_1.0, bandwidth_used, 0.000013, 0.000015, 0.000002, 396514784.000000
Variable, 2.1_to_1.0, bandwidth_used, 0.000015, 0.000017, 0.000002, 0.000000
Variable, 2.1_to_1.0, bandwidth_used, 0.000017, 0.000019, 0.000002, 440301120.000000
Variable, 2.1_to_1.0, bandwidth_used, 0.000019, 0.000023, 0.000004, 0.000000
Variable, 2.1_to_1.0, bandwidth_used, 0.000023, 0.000027, 0.000004, 0.000000
Variable, 2.1_to_1.0, bandwidth_used, 0.000027, 0.000027, 0.000000, 0.000000
Container, 0, LINK, 0, 2.7e-05, 2.7e-05, 2.0_to_0.3
Variable, 2.0_to_0.3, bandwidth, 0.000000, 0.000027, 0.000027, 12499999744.000000
Variable, 2.0_to_0.3, latency, 0.000000, 0.000027, 0.000027, 0.000001
Variable, 2.0_to_0.3, bandwidth_used, 0.000013, 0.000015, 0.000002, 396514784.000000
Variable, 2.0_to_0.3, bandwidth_used, 0.000015, 0.000017, 0.000002, 0.000000
Variable, 2.0_to_0.3, bandwidth_used, 0.000017, 0.000018, 0.000001, 8806022400.000000
Variable, 2.0_to_0.3, bandwidth_used, 0.000018, 0.000027, 0.000009, 0.000000
Container, 0, LINK, 0, 2.7e-05, 2.7e-05, 2.0_to_0.2
Variable, 2.0_to_0.2, bandwidth, 0.000000, 0.000027, 0.000027, 12499999744.000000
Variable, 2.0_to_0.2, latency, 0.000000, 0.000027, 0.000027, 0.000001
Variable, 2.0_to_0.2, bandwidth_used, 0.000012, 0.000014, 0.000002, 349577376.000000
Variable, 2.0_to_0.2, bandwidth_used, 0.000014, 0.000017, 0.000003, 0.000000
Variable, 2.0_to_0.2, bandwidth_used, 0.000017, 0.000018, 0.000001, 9686625184.000000
Variable, 2.0_to_0.2, bandwidth_used, 0.000018, 0.000027, 0.000009, 0.000000
Container, 0, LINK, 0, 2.7e-05, 2.7e-05, 2.0_to_0.1
Variable, 2.0_to_0.1, bandwidth, 0.000000, 0.000027, 0.000027, 12499999744.000000
Variable, 2.0_to_0.1, latency, 0.000000, 0.000027, 0.000027, 0.000001
Variable, 2.0_to_0.1, bandwidth_used, 0.000003, 0.000005, 0.000002, 0.000000
Variable, 2.0_to_0.1, bandwidth_used, 0.000005, 0.000007, 0.000002, 0.000000
Variable, 2.0_to_0.1, bandwidth_used, 0.000007, 0.000009, 0.000002, 0.000000
Variable, 2.0_to_0.1, bandwidth_used, 0.000009, 0.000011, 0.000002, 0.000000
Variable, 2.0_to_0.1, bandwidth_used, 0.000011, 0.000013, 0.000002, 436166240.000000
Variable, 2.0_to_0.1, bandwidth_used, 0.000013, 0.000015, 0.000002, 415396416.000000
Variable, 2.0_to_0.1, bandwidth_used, 0.000015, 0.000017, 0.000002, 0.000000
Variable, 2.0_to_0.1, bandwidth_used, 0.000017, 0.000018, 0.000001, 8806022400.000000
Variable, 2.0_to_0.1, bandwidth_used, 0.000018, 0.000019, 0.000001, 922535712.000000
Variable, 2.0_to_0.1, bandwidth_used, 0.000019, 0.000021, 0.000002, 0.000000
Variable, 2.0_to_0.1, bandwidth_used, 0.000021, 0.000023, 0.000002, 0.000000
Variable, 2.0_to_0.1, bandwidth_used, 0.000023, 0.000025, 0.000002, 0.000000
Variable, 2.0_to_0.1, bandwidth_used, 0.000025, 0.000027, 0.000002, 0.000000
Variable, 2.0_to_0.1, bandwidth_used, 0.000027, 0.000027, 0.000000, 0.000000
Container, 0, LINK, 0, 2.7e-05, 2.7e-05, 1.3_to_3.2
Variable, 1.3_to_3.2, bandwidth, 0.000000, 0.000027, 0.000027, 12499999744.000000
Variable, 1.3_to_3.2, latency, 0.000000, 0.000027, 0.000027, 0.000001
Variable, 1.3_to_3.2, bandwidth_used, 0.000005, 0.000009, 0.000004, 0.000000
Variable, 1.3_to_3.2, bandwidth_used, 0.000009, 0.000013, 0.000004, 0.000000
Variable, 1.3_to_3.2, bandwidth_used, 0.000013, 0.000015, 0.000002, 396514784.000000
Variable, 1.3_to_3.2, bandwidth_used, 0.000015, 0.000017, 0.000002, 0.000000
Variable, 1.3_to_3.2, bandwidth_used, 0.000017, 0.000018, 0.000001, 8806022400.000000
Variable, 1.3_to_3.2, bandwidth_used, 0.000018, 0.000019, 0.000001, 922535712.000000
Variable, 1.3_to_3.2, bandwidth_used, 0.000019, 0.000023, 0.000004, 0.000000
Variable, 1.3_to_3.2, bandwidth_used, 0.000023, 0.000027, 0.000004, 0.000000
Variable, 1.3_to_3.2, bandwidth_used, 0.000027, 0.000027, 0.000000, 0.000000
Container, 0, LINK, 0, 2.7e-05, 2.7e-05, 1.3_to_3.1
Variable, 1.3_to_3.1, bandwidth, 0.000000, 0.000027, 0.000027, 12499999744.000000
Variable, 1.3_to_3.1, latency, 0.000000, 0.000027, 0.000027, 0.000001
Variable, 1.3_to_3.1, bandwidth_used, 0.000005, 0.000009, 0.000004, 0.000000
Variable, 1.3_to_3.1, bandwidth_used, 0.000009, 0.000012, 0.000003, 0.000000
Variable, 1.3_to_3.1, bandwidth_used, 0.000012, 0.000014, 0.000002, 6991547392.000000
Variable, 1.3_to_3.1, bandwidth_used, 0.000014, 0.000017, 0.000003, 0.000000
Variable, 1.3_to_3.1, bandwidth_used, 0.000017, 0.000018, 0.000001, 9686625184.000000
Variable, 1.3_to_3.1, bandwidth_used, 0.000018, 0.000023, 0.000005, 0.000000
Variable, 1.3_to_3.1, bandwidth_used, 0.000023, 0.000027, 0.000004, 0.000000
Variable, 1.3_to_3.1, bandwidth_used, 0.000027, 0.000027, 0.000000, 0.000000
Container, 0, LINK, 0, 2.7e-05, 2.7e-05, 1.3_to_3.0
Variable, 1.3_to_3.0, bandwidth, 0.000000, 0.000027, 0.000027, 12499999744.000000
Variable, 1.3_to_3.0, latency, 0.000000, 0.000027, 0.000027, 0.000001
Variable, 1.3_to_3.0, bandwidth_used, 0.000003, 0.000005, 0.000002, 0.000000
Variable, 1.3_to_3.0, bandwidth_used, 0.000005, 0.000007, 0.000002, 0.000000
Variable, 1.3_to_3.0, bandwidth_used, 0.000007, 0.000009, 0.000002, 0.000000
Variable, 1.3_to_3.0, bandwidth_used, 0.000009, 0.000011, 0.000002, 0.000000
Variable, 1.3_to_3.0, bandwidth_used, 0.000011, 0.000013, 0.000002, 436166240.000000
Variable, 1.3_to_3.0, bandwidth_used, 0.000013, 0.000015, 0.000002, 8307928576.000000
Variable, 1.3_to_3.0, bandwidth_used, 0.000015, 0.000017, 0.000002, 0.000000
Variable, 1.3_to_3.0, bandwidth_used, 0.000017, 0.000018, 0.000001, 440301120.000000
Variable, 1.3_to_3.0, bandwidth_used, 0.000018, 0.000020, 0.000002, 0.000000
Variable, 1.3_to_3.0, bandwidth_used, 0.000020, 0.000023, 0.000003, 0.000000
Variable, 1.3_to_3.0, bandwidth_used, 0.000023, 0.000025, 0.000002, 0.000000
Variable, 1.3_to_3.0, bandwidth_used, 0.000025, 0.000027, 0.000002, 0.000000
Variable, 1.3_to_3.0, bandwidth_used, 0.000027, 0.000027, 0.000000, 0.000000
Container, 0, LINK, 0, 2.7e-05, 2.7e-05, 1.2_to_2.3
Variable, 1.2_to_2.3, bandwidth, 0.000000, 0.000027, 0.000027, 12499999744.000000
Variable, 1.2_to_2.3, latency, 0.000000, 0.000027, 0.000027, 0.000001
Variable, 1.2_to_2.3, bandwidth_used, 0.000005, 0.000009, 0.000004, 0.000000
Variable, 1.2_to_2.3, bandwidth_used, 0.000009, 0.000013, 0.000004, 0.000000
Variable, 1.2_to_2.3, bandwidth_used, 0.000013, 0.000015, 0.000002, 7930295296.000000
Variable, 1.2_to_2.3, bandwidth_used, 0.000015, 0.000017, 0.000002, 0.000000
Variable, 1.2_to_2.3, bandwidth_used, 0.000017, 0.000018, 0.000001, 440301120.000000
Variable, 1.2_to_2.3, bandwidth_used, 0.000018, 0.000019, 0.000001, 3075119104.000000
Variable, 1.2_to_2.3, bandwidth_used, 0.000019, 0.000023, 0.000004, 0.000000
Variable, 1.2_to_2.3, bandwidth_used, 0.000023, 0.000027, 0.000004, 0.000000
Variable, 1.2_to_2.3, bandwidth_used, 0.000027, 0.000027, 0.000000, 0.000000
Container, 0, LINK, 0, 2.7e-05, 2.7e-05, 1.2_to_2.1
Variable, 1.2_to_2.1, bandwidth, 0.000000, 0.000027, 0.000027, 12499999744.000000
Variable, 1.2_to_2.1, latency, 0.000000, 0.000027, 0.000027, 0.000001
Variable, 1.2_to_2.1, bandwidth_used, 0.000005, 0.000009, 0.000004, 0.000000
Variable, 1.2_to_2.1, bandwidth_used, 0.000009, 0.000012, 0.000003, 0.000000
Variable, 1.2_to_2.1, bandwidth_used, 0.000012, 0.000014, 0.000002, 6991547392.000000
Variable, 1.2_to_2.1, bandwidth_used, 0.000014, 0.000017, 0.000003, 0.000000
Variable, 1.2_to_2.1, bandwidth_used, 0.000017, 0.000018, 0.000001, 9686625184.000000
Variable, 1.2_to_2.1, bandwidth_used, 0.000018, 0.000023, 0.000005, 0.000000
Variable, 1.2_to_2.1, bandwidth_used, 0.000023, 0.000027, 0.000004, 0.000000
Variable, 1.2_to_2.1, bandwidth_used, 0.000027, 0.000027, 0.000000, 0.000000
Container, 0, LINK, 0, 2.7e-05, 2.7e-05, 1.2_to_2.0
Variable, 1.2_to_2.0, bandwidth, 0.000000, 0.000027, 0.000027, 12499999744.000000
Variable, 1.2_to_2.0, latency, 0.000000, 0.000027, 0.000027, 0.000001
Variable, 1.2_to_2.0, bandwidth_used, 0.000003, 0.000005, 0.000002, 0.000000
Variable, 1.2_to_2.0, bandwidth_used, 0.000005, 0.000007, 0.000002, 0.000000
Variable, 1.2_to_2.0, bandwidth_used, 0.000007, 0.000009, 0.000002, 0.000000
Variable, 1.2_to_2.0, bandwidth_used, 0.000009, 0.000011, 0.000002, 0.000000
Variable, 1.2_to_2.0, bandwidth_used, 0.000011, 0.000013, 0.000002, 436166240.000000
Variable, 1.2_to_2.0, bandwidth_used, 0.000013, 0.000015, 0.000002, 8307928576.000000
Variable, 1.2_to_2.0, bandwidth_used, 0.000015, 0.000017, 0.000002, 0.000000
Variable, 1.2_to_2.0, bandwidth_used, 0.000017, 0.000018, 0.000001, 440301120.000000
Variable, 1.2_to_2.0, bandwidth_used, 0.000018, 0.000019, 0.000001, 9686625168.000000
Variable, 1.2_to_2.0, bandwidth_used, 0.000019, 0.000021, 0.000002, 0.000000
Variable, 1.2_to_2.0, bandwidth_used, 0.000021, 0.000023, 0.000002, 0.000000
Variable, 1.2_to_2.0, bandwidth_used, 0.000023, 0.000025, 0.000002, 0.000000
Variable, 1.2_to_2.0, bandwidth_used, 0.000025, 0.000027, 0.000002, 0.000000
Variable, 1.2_to_2.0, bandwidth_used, 0.000027, 0.000027, 0.000000, 0.000000
Container, 0, LINK, 0, 2.7e-05, 2.7e-05, 1.0_to_0.3
Variable, 1.0_to_0.3, bandwidth, 0.000000, 0.000027, 0.000027, 12499999744.000000
Variable, 1.0_to_0.3, latency, 0.000000, 0.000027, 0.000027, 0.000001
Variable, 1.0_to_0.3, bandwidth_used, 0.000005, 0.000009, 0.000004, 0.000000
Variable, 1.0_to_0.3, bandwidth_used, 0.000009, 0.000013, 0.000004, 0.000000
Variable, 1.0_to_0.3, bandwidth_used, 0.000013, 0.000015, 0.000002, 7930295296.000000
Variable, 1.0_to_0.3, bandwidth_used, 0.000015, 0.000017, 0.000002, 0.000000
Variable, 1.0_to_0.3, bandwidth_used, 0.000017, 0.000018, 0.000001, 440301120.000000
Variable, 1.0_to_0.3, bandwidth_used, 0.000018, 0.000019, 0.000001, 9686625168.000000
Variable, 1.0_to_0.3, bandwidth_used, 0.000019, 0.000023, 0.000004, 0.000000
Variable, 1.0_to_0.3, bandwidth_used, 0.000023, 0.000027, 0.000004, 0.000000
Variable, 1.0_to_0.3, bandwidth_used, 0.000027, 0.000027, 0.000000, 0.000000
Container, 0, LINK, 0, 2.7e-05, 2.7e-05, 1.0_to_0.2
Variable, 1.0_to_0.2, bandwidth, 0.000000, 0.000027, 0.000027, 12499999744.000000
Variable, 1.0_to_0.2, latency, 0.000000, 0.000027, 0.000027, 0.000001
Variable, 1.0_to_0.2, bandwidth_used, 0.000005, 0.000009, 0.000004, 0.000000
Variable, 1.0_to_0.2, bandwidth_used, 0.000009, 0.000013, 0.000004, 0.000000
Variable, 1.0_to_0.2, bandwidth_used, 0.000013, 0.000015, 0.000002, 7930295296.000000
Variable, 1.0_to_0.2, bandwidth_used, 0.000015, 0.000017, 0.000002, 0.000000
Variable, 1.0_to_0.2, bandwidth_used, 0.000017, 0.000019, 0.000002, 8806022400.000000
Variable, 1.0_to_0.2, bandwidth_used, 0.000019, 0.000023, 0.000004, 0.000000
Variable, 1.0_to_0.2, bandwidth_used, 0.000023, 0.000027, 0.000004, 0.000000
Variable, 1.0_to_0.2, bandwidth_used, 0.000027, 0.000027, 0.000000, 0.000000
Container, 0, LINK, 0, 2.7e-05, 2.7e-05, 1.0_to_0.1
Variable, 1.0_to_0.1, bandwidth, 0.000000, 0.000027, 0.000027, 12499999744.000000
Variable, 1.0_to_0.1, latency, 0.000000, 0.000027, 0.000027, 0.000001
Variable, 1.0_to_0.1, bandwidth_used, 0.000003, 0.000005, 0.000002, 0.000000
Variable, 1.0_to_0.1, bandwidth_used, 0.000005, 0.000007, 0.000002, 0.000000
Variable, 1.0_to_0.1, bandwidth_used, 0.000007, 0.000009, 0.000002, 0.000000
Variable, 1.0_to_0.1, bandwidth_used, 0.000009, 0.000010, 0.000001, 0.000000
Variable, 1.0_to_0.1, bandwidth_used, 0.000010, 0.000012, 0.000002, 349577376.000000
Variable, 1.0_to_0.1, bandwidth_used, 0.000012, 0.000017, 0.000005, 0.000000
Variable, 1.0_to_0.1, bandwidth_used, 0.000017, 0.000018, 0.000001, 9686625184.000000
Variable, 1.0_to_0.1, bandwidth_used, 0.000018, 0.000021, 0.000003, 0.000000
Variable, 1.0_to_0.1, bandwidth_used, 0.000021, 0.000023, 0.000002, 0.000000
Variable, 1.0_to_0.1, bandwidth_used, 0.000023, 0.000025, 0.000002, 0.000000
Variable, 1.0_to_0.1, bandwidth_used, 0.000025, 0.000027, 0.000002, 0.000000
Variable, 1.0_to_0.1, bandwidth_used, 0.000027, 0.000027, 0.000000, 0.000000
Container, 0, LINK, 0, 2.7e-05, 2.7e-05, 0.3_to_3.2
Variable, 0.3_to_3.2, bandwidth, 0.000000, 0.000027, 0.000027, 12499999744.000000
Variable, 0.3_to_3.2, latency, 0.000000, 0.000027, 0.000027, 0.000001
Variable, 0.3_to_3.2, bandwidth_used, 0.000013, 0.000015, 0.000002, 396514784.000000
Variable, 0.3_to_3.2, bandwidth_used, 0.000015, 0.000017, 0.000002, 0.000000
Variable, 0.3_to_3.2, bandwidth_used, 0.000017, 0.000018, 0.000001, 440301120.000000
Variable, 0.3_to_3.2, bandwidth_used, 0.000018, 0.000027, 0.000009, 0.000000
Container, 0, LINK, 0, 2.7e-05, 2.7e-05, 0.3_to_3.1
Variable, 0.3_to_3.1, bandwidth, 0.000000, 0.000027, 0.000027, 12499999744.000000
Variable, 0.3_to_3.1, latency, 0.000000, 0.000027, 0.000027, 0.000001
Variable, 0.3_to_3.1, bandwidth_used, 0.000013, 0.000015, 0.000002, 396514784.000000
Variable, 0.3_to_3.1, bandwidth_used, 0.000015, 0.000017, 0.000002, 0.000000
Variable, 0.3_to_3.1, bandwidth_used, 0.000017, 0.000018, 0.000001, 8806022400.000000
Variable, 0.3_to_3.1, bandwidth_used, 0.000018, 0.000019, 0.000001, 922535712.000000
Variable, 0.3_to_3.1, bandwidth_used, 0.000019, 0.000027, 0.000008, 0.000000
Container, 0, LINK, 0, 2.7e-05, 2.7e-05, 0.3_to_3.0
Variable, 0.3_to_3.0, bandwidth, 0.000000, 0.000027, 0.000027, 12499999744.000000
Variable, 0.3_to_3.0, latency, 0.000000, 0.000027, 0.000027, 0.000001
Variable, 0.3_to_3.0, bandwidth_used, 0.000005, 0.000009, 0.000004, 0.000000
Variable, 0.3_to_3.0, bandwidth_used, 0.000009, 0.000012, 0.000003, 0.000000
Variable, 0.3_to_3.0, bandwidth_used, 0.000012, 0.000014, 0.000002, 6991547392.000000
Variable, 0.3_to_3.0, bandwidth_used, 0.000014, 0.000017, 0.000003, 0.000000
Variable, 0.3_to_3.0, bandwidth_used, 0.000017, 0.000018, 0.000001, 9686625184.000000
Variable, 0.3_to_3.0, bandwidth_used, 0.000018, 0.000023, 0.000005, 0.000000
Variable, 0.3_to_3.0, bandwidth_used, 0.000023, 0.000027, 0.000004, 0.000000
Variable, 0.3_to_3.0, bandwidth_used, 0.000027, 0.000027, 0.000000, 0.000000
Container, 0, LINK, 0, 2.7e-05, 2.7e-05, 0.2_to_2.3
Variable, 0.2_to_2.3, bandwidth, 0.000000, 0.000027, 0.000027, 12499999744.000000
Variable, 0.2_to_2.3, latency, 0.000000, 0.000027, 0.000027, 0.000001
Variable, 0.2_to_2.3, bandwidth_used, 0.000013, 0.000015, 0.000002, 396514784.000000
Variable, 0.2_to_2.3, bandwidth_used, 0.000015, 0.000017, 0.000002, 0.000000
Variable, 0.2_to_2.3, bandwidth_used, 0.000017, 0.000018, 0.000001, 440301120.000000
Variable, 0.2_to_2.3, bandwidth_used, 0.000018, 0.000027, 0.000009, 0.000000
Container, 0, LINK, 0, 2.7e-05, 2.7e-05, 0.2_to_2.1
Variable, 0.2_to_2.1, bandwidth, 0.000000, 0.000027, 0.000027, 12499999744.000000
Variable, 0.2_to_2.1, latency, 0.000000, 0.000027, 0.000027, 0.000001
Variable, 0.2_to_2.1, bandwidth_used, 0.000013, 0.000015, 0.000002, 396514784.000000
Variable, 0.2_to_2.1, bandwidth_used, 0.000015, 0.000017, 0.000002, 0.000000
Variable, 0.2_to_2.1, bandwidth_used, 0.000017, 0.000019, 0.000002, 440301120.000000
Variable, 0.2_to_2.1, bandwidth_used, 0.000019, 0.000027, 0.000008, 0.000000
Container, 0, LINK, 0, 2.7e-05, 2.7e-05, 0.2_to_2.0
Variable, 0.2_to_2.0, bandwidth, 0.000000, 0.000027, 0.000027, 12499999744.000000
Variable, 0.2_to_2.0, latency, 0.000000, 0.000027, 0.000027, 0.000001
Variable, 0.2_to_2.0, bandwidth_used, 0.000005, 0.000009, 0.000004, 0.000000
Variable, 0.2_to_2.0, bandwidth_used, 0.000009, 0.000012, 0.000003, 0.000000
Variable, 0.2_to_2.0, bandwidth_used, 0.000012, 0.000014, 0.000002, 6991547392.000000
Variable, 0.2_to_2.0, bandwidth_used, 0.000014, 0.000017, 0.000003, 0.000000
Variable, 0.2_to_2.0, bandwidth_used, 0.000017, 0.000018, 0.000001, 9686625184.000000
Variable, 0.2_to_2.0, bandwidth_used, 0.000018, 0.000023, 0.000005, 0.000000
Variable, 0.2_to_2.0, bandwidth_used, 0.000023, 0.000027, 0.000004, 0.000000
Variable, 0.2_to_2.0, bandwidth_used, 0.000027, 0.000027, 0.000000, 0.000000
Container, 0, LINK, 0, 2.7e-05, 2.7e-05, 0.1_to_1.3
Variable, 0.1_to_1.3, bandwidth, 0.000000, 0.000027, 0.000027, 12499999744.000000
Variable, 0.1_to_1.3, latency, 0.000000, 0.000027, 0.000027, 0.000001
Variable, 0.1_to_1.3, bandwidth_used, 0.000003, 0.000005, 0.000002, 0.000000
Variable, 0.1_to_1.3, bandwidth_used, 0.000005, 0.000007, 0.000002, 0.000000
Variable, 0.1_to_1.3, bandwidth_used, 0.000007, 0.000009, 0.000002, 0.000000
Variable, 0.1_to_1.3, bandwidth_used, 0.000009, 0.000011, 0.000002, 0.000000
Variable, 0.1_to_1.3, bandwidth_used, 0.000011, 0.000013, 0.000002, 8723324928.000000
Variable, 0.1_to_1.3, bandwidth_used, 0.000013, 0.000015, 0.000002, 415396416.000000
Variable, 0.1_to_1.3, bandwidth_used, 0.000015, 0.000017, 0.000002, 0.000000
Variable, 0.1_to_1.3, bandwidth_used, 0.000017, 0.000018, 0.000001, 8806022400.000000
Variable, 0.1_to_1.3, bandwidth_used, 0.000018, 0.000020, 0.000002, 0.000000
Variable, 0.1_to_1.3, bandwidth_used, 0.000020, 0.000023, 0.000003, 0.000000
Variable, 0.1_to_1.3, bandwidth_used, 0.000023, 0.000025, 0.000002, 0.000000
Variable, 0.1_to_1.3, bandwidth_used, 0.000025, 0.000027, 0.000002, 0.000000
Variable, 0.1_to_1.3, bandwidth_used, 0.000027, 0.000027, 0.000000, 0.000000
Container, 0, LINK, 0, 2.7e-05, 2.7e-05, 0.1_to_1.2
Variable, 0.1_to_1.2, bandwidth, 0.000000, 0.000027, 0.000027, 12499999744.000000
Variable, 0.1_to_1.2, latency, 0.000000, 0.000027, 0.000027, 0.000001
Variable, 0.1_to_1.2, bandwidth_used, 0.000003, 0.000005, 0.000002, 0.000000
Variable, 0.1_to_1.2, bandwidth_used, 0.000005, 0.000007, 0.000002, 0.000000
Variable, 0.1_to_1.2, bandwidth_used, 0.000007, 0.000009, 0.000002, 0.000000
Variable, 0.1_to_1.2, bandwidth_used, 0.000009, 0.000011, 0.000002, 0.000000
Variable, 0.1_to_1.2, bandwidth_used, 0.000011, 0.000013, 0.000002, 8723324928.000000
Variable, 0.1_to_1.2, bandwidth_used, 0.000013, 0.000015, 0.000002, 415396416.000000
Variable, 0.1_to_1.2, bandwidth_used, 0.000015, 0.000017, 0.000002, 0.000000
Variable, 0.1_to_1.2, bandwidth_used, 0.000017, 0.000018, 0.000001, 440301120.000000
Variable, 0.1_to_1.2, bandwidth_used, 0.000018, 0.000019, 0.000001, 9686625168.000000
Variable, 0.1_to_1.2, bandwidth_used, 0.000019, 0.000021, 0.000002, 0.000000
Variable, 0.1_to_1.2, bandwidth_used, 0.000021, 0.000023, 0.000002, 0.000000
Variable, 0.1_to_1.2, bandwidth_used, 0.000023, 0.000025, 0.000002, 0.000000
Variable, 0.1_to_1.2, bandwidth_used, 0.000025, 0.000027, 0.000002, 0.000000
Variable, 0.1_to_1.2, bandwidth_used, 0.000027, 0.000027, 0.000000, 0.000000
Container, 0, LINK, 0, 2.7e-05, 2.7e-05, 0.1_to_1.0
Variable, 0.1_to_1.0, bandwidth, 0.000000, 0.000027, 0.000027, 12499999744.000000
Variable, 0.1_to_1.0, latency, 0.000000, 0.000027, 0.000027, 0.000001
Variable, 0.1_to_1.0, bandwidth_used, 0.000003, 0.000005, 0.000002, 0.000000
Variable, 0.1_to_1.0, bandwidth_used, 0.000005, 0.000007, 0.000002, 0.000000
Variable, 0.1_to_1.0, bandwidth_used, 0.000007, 0.000009, 0.000002, 0.000000
Variable, 0.1_to_1.0, bandwidth_used, 0.000009, 0.000010, 0.000001, 0.000000
Variable, 0.1_to_1.0, bandwidth_used, 0.000010, 0.000012, 0.000002, 6991547392.000000
Variable, 0.1_to_1.0, bandwidth_used, 0.000012, 0.000017, 0.000005, 0.000000
Variable, 0.1_to_1.0, bandwidth_used, 0.000017, 0.000018, 0.000001, 9686625184.000000
Variable, 0.1_to_1.0, bandwidth_used, 0.000018, 0.000021, 0.000003, 0.000000
Variable, 0.1_to_1.0, bandwidth_used, 0.000021, 0.000023, 0.000002, 0.000000
Variable, 0.1_to_1.0, bandwidth_used, 0.000023, 0.000025, 0.000002, 0.000000
Variable, 0.1_to_1.0, bandwidth_used, 0.000025, 0.000027, 0.000002, 0.000000
Variable, 0.1_to_1.0, bandwidth_used, 0.000027, 0.000027, 0.000000, 0.000000
Container, 0, MPI, 0, 2.7e-05, 2.7e-05, rank-11
State, rank-11, MPI_STATE, 0.000000, 0.000000, 0.000000, 0.000000, PMPI_Init
State, rank-11, MPI_STATE, 0.000001, 0.000009, 0.000008, 0.000000, PMPI_Barrier
State, rank-11, MPI_STATE, 0.000009, 0.000009, 0.000000, 0.000000, PMPI_Irecv
State, rank-11, MPI_STATE, 0.000010, 0.000010, 0.000000, 0.000000, PMPI_Isend
State, rank-11, MPI_STATE, 0.000010, 0.000010, 0.000000, 0.000000, PMPI_Irecv
State, rank-11, MPI_STATE, 0.000010, 0.000010, 0.000000, 0.000000, PMPI_Isend
State, rank-11, MPI_STATE, 0.000010, 0.000010, 0.000000, 0.000000, PMPI_Irecv
State, rank-11, MPI_STATE, 0.000010, 0.000010, 0.000000, 0.000000, PMPI_Isend
State, rank-11, MPI_STATE, 0.000010, 0.000014, 0.000004, 0.000000, PMPI_Wait
State, rank-11, MPI_STATE, 0.000014, 0.000015, 0.000001, 0.000000, PMPI_Wait
State, rank-11, MPI_STATE, 0.000015, 0.000015, 0.000000, 0.000000, PMPI_Wait
State, rank-11, MPI_STATE, 0.000015, 0.000015, 0.000000, 0.000000, PMPI_Wait
State, rank-11, MPI_STATE, 0.000015, 0.000015, 0.000000, 0.000000, PMPI_Wait
State, rank-11, MPI_STATE, 0.000015, 0.000015, 0.000000, 0.000000, PMPI_Wait
State, rank-11, MPI_STATE, 0.000015, 0.000015, 0.000000, 0.000000, PMPI_Irecv
State, rank-11, MPI_STATE, 0.000015, 0.000015, 0.000000, 0.000000, PMPI_Irecv
State, rank-11, MPI_STATE, 0.000015, 0.000015, 0.000000, 0.000000, PMPI_Isend
State, rank-11, MPI_STATE, 0.000015, 0.000015, 0.000000, 0.000000, PMPI_Isend
State, rank-11, MPI_STATE, 0.000015, 0.000015, 0.000000, 0.000000, PMPI_Irecv
State, rank-11, MPI_STATE, 0.000015, 0.000015, 0.000000, 0.000000, PMPI_Irecv
State, rank-11, MPI_STATE, 0.000015, 0.000015, 0.000000, 0.000000, PMPI_Irecv
State, rank-11, MPI_STATE, 0.000015, 0.000015, 0.000000, 0.000000, PMPI_Isend
State, rank-11, MPI_STATE, 0.000015, 0.000015, 0.000000, 0.000000, PMPI_Isend
State, rank-11, MPI_STATE, 0.000015, 0.000015, 0.000000, 0.000000, PMPI_Isend
State, rank-11, MPI_STATE, 0.000015, 0.000015, 0.000000, 0.000000, PMPI_Irecv
State, rank-11, MPI_STATE, 0.000015, 0.000015, 0.000000, 0.000000, PMPI_Irecv
State, rank-11, MPI_STATE, 0.000015, 0.000015, 0.000000, 0.000000, PMPI_Irecv
State, rank-11, MPI_STATE, 0.000015, 0.000015, 0.000000, 0.000000, PMPI_Isend
State, rank-11, MPI_STATE, 0.000015, 0.000015, 0.000000, 0.000000, PMPI_Isend
State, rank-11, MPI_STATE, 0.000015, 0.000015, 0.000000, 0.000000, PMPI_Isend
State, rank-11, MPI_STATE, 0.000015, 0.000018, 0.000003, 0.000000, PMPI_Wait
State, rank-11, MPI_STATE, 0.000018, 0.000018, 0.000000, 0.000000, PMPI_Wait
State, rank-11, MPI_STATE, 0.000018, 0.000018, 0.000000, 0.000000, PMPI_Wait
State, rank-11, MPI_STATE, 0.000018, 0.000018, 0.000000, 0.000000, PMPI_Wait
State, rank-11, MPI_STATE, 0.000018, 0.000018, 0.000000, 0.000000, PMPI_Wait
State, rank-11, MPI_STATE, 0.000018, 0.000018, 0.000000, 0.000000, PMPI_Wait
State, rank-11, MPI_STATE, 0.000018, 0.000018, 0.000000, 0.000000, PMPI_Wait
State, rank-11, MPI_STATE, 0.000018, 0.000018, 0.000000, 0.000000, PMPI_Wait
State, rank-11, MPI_STATE, 0.000018, 0.000027, 0.000009, 0.000000, PMPI_Barrier
State, rank-11, MPI_STATE, 0.000027, 0.000027, 0.000000, 0.000000, PMPI_Finalize
Container, 0, MPI, 0, 2.7e-05, 2.7e-05, rank-10
State, rank-10, MPI_STATE, 0.000000, 0.000000, 0.000000, 0.000000, PMPI_Init
State, rank-10, MPI_STATE, 0.000001, 0.000009, 0.000008, 0.000000, PMPI_Barrier
State, rank-10, MPI_STATE, 0.000010, 0.000010, 0.000000, 0.000000, PMPI_Irecv
State, rank-10, MPI_STATE, 0.000010, 0.000010, 0.000000, 0.000000, PMPI_Isend
State, rank-10, MPI_STATE, 0.000010, 0.000010, 0.000000, 0.000000, PMPI_Irecv
State, rank-10, MPI_STATE, 0.000010, 0.000010, 0.000000, 0.000000, PMPI_Isend
State, rank-10, MPI_STATE, 0.000010, 0.000010, 0.000000, 0.000000, PMPI_Irecv
State, rank-10, MPI_STATE, 0.000010, 0.000010, 0.000000, 0.000000, PMPI_Isend
State, rank-10, MPI_STATE, 0.000010, 0.000014, 0.000004, 0.000000, PMPI_Wait
State, rank-10, MPI_STATE, 0.000014, 0.000015, 0.000001, 0.000000, PMPI_Wait
State, rank-10, MPI_STATE, 0.000015, 0.000015, 0.000000, 0.000000, PMPI_Wait
State, rank-10, MPI_STATE, 0.000015, 0.000015, 0.000000, 0.000000, PMPI_Wait
State, rank-10, MPI_STATE, 0.000015, 0.000015, 0.000000, 0.000000, PMPI_Wait
State, rank-10, MPI_STATE, 0.000015, 0.000015, 0.000000, 0.000000, PMPI_Wait
State, rank-10, MPI_STATE, 0.000015, 0.000015, 0.000000, 0.000000, PMPI_Irecv
State, rank-10, MPI_STATE, 0.000015, 0.000015, 0.000000, 0.000000, PMPI_Irecv
State, rank-10, MPI_STATE, 0.000015, 0.000015, 0.000000, 0.000000, PMPI_Isend
State, rank-10, MPI_STATE, 0.000015, 0.000015, 0.000000, 0.000000, PMPI_Isend
State, rank-10, MPI_STATE, 0.000015, 0.000015, 0.000000, 0.000000, PMPI_Irecv
State, rank-10, MPI_STATE, 0.000015, 0.000015, 0.000000, 0.000000, PMPI_Irecv
State, rank-10, MPI_STATE, 0.000015, 0.000015, 0.000000, 0.000000, PMPI_Irecv
State, rank-10, MPI_STATE, 0.000015, 0.000015, 0.000000, 0.000000, PMPI_Isend
State, rank-10, MPI_STATE, 0.000015, 0.000015, 0.000000, 0.000000, PMPI_Isend
State, rank-10, MPI_STATE, 0.000015, 0.000015, 0.000000, 0.000000, PMPI_Isend
State, rank-10, MPI_STATE, 0.000015, 0.000015, 0.000000, 0.000000, PMPI_Irecv
State, rank-10, MPI_STATE, 0.000015, 0.000015, 0.000000, 0.000000, PMPI_Irecv
State, rank-10, MPI_STATE, 0.000015, 0.000015, 0.000000, 0.000000, PMPI_Irecv
State, rank-10, MPI_STATE, 0.000015, 0.000015, 0.000000, 0.000000, PMPI_Isend
State, rank-10, MPI_STATE, 0.000015, 0.000015, 0.000000, 0.000000, PMPI_Isend
State, rank-10, MPI_STATE, 0.000015, 0.000015, 0.000000, 0.000000, PMPI_Isend
State, rank-10, MPI_STATE, 0.000015, 0.000018, 0.000003, 0.000000, PMPI_Wait
State, rank-10, MPI_STATE, 0.000018, 0.000018, 0.000000, 0.000000, PMPI_Wait
State, rank-10, MPI_STATE, 0.000018, 0.000018, 0.000000, 0.000000, PMPI_Wait
State, rank-10, MPI_STATE, 0.000018, 0.000018, 0.000000, 0.000000, PMPI_Wait
State, rank-10, MPI_STATE, 0.000018, 0.000018, 0.000000, 0.000000, PMPI_Wait
State, rank-10, MPI_STATE, 0.000018, 0.000018, 0.000000, 0.000000, PMPI_Wait
State, rank-10, MPI_STATE, 0.000018, 0.000018, 0.000000, 0.000000, PMPI_Wait
State, rank-10, MPI_STATE, 0.000018, 0.000018, 0.000000, 0.000000, PMPI_Wait
State, rank-10, MPI_STATE, 0.000018, 0.000027, 0.000009, 0.000000, PMPI_Barrier
State, rank-10, MPI_STATE, 0.000027, 0.000027, 0.000000, 0.000000, PMPI_Finalize
Container, 0, MPI, 0, 2.7e-05, 2.7e-05, rank-9
State, rank-9, MPI_STATE, 0.000000, 0.000000, 0.000000, 0.000000, PMPI_Init
State, rank-9, MPI_STATE, 0.000001, 0.000009, 0.000008, 0.000000, PMPI_Barrier
State, rank-9, MPI_STATE, 0.000009, 0.000009, 0.000000, 0.000000, PMPI_Irecv
State, rank-9, MPI_STATE, 0.000010, 0.000010, 0.000000, 0.000000, PMPI_Isend
State, rank-9, MPI_STATE, 0.000010, 0.000010, 0.000000, 0.000000, PMPI_Irecv
State, rank-9, MPI_STATE, 0.000010, 0.000010, 0.000000, 0.000000, PMPI_Isend
State, rank-9, MPI_STATE, 0.000010, 0.000010, 0.000000, 0.000000, PMPI_Irecv
State, rank-9, MPI_STATE, 0.000010, 0.000010, 0.000000, 0.000000, PMPI_Isend
State, rank-9, MPI_STATE, 0.000010, 0.000014, 0.000004, 0.000000, PMPI_Wait
State, rank-9, MPI_STATE, 0.000014, 0.000015, 0.000001, 0.000000, PMPI_Wait
State, rank-9, MPI_STATE, 0.000015, 0.000015, 0.000000, 0.000000, PMPI_Wait
State, rank-9, MPI_STATE, 0.000015, 0.000015, 0.000000, 0.000000, PMPI_Wait
State, rank-9, MPI_STATE, 0.000015, 0.000015, 0.000000, 0.000000, PMPI_Wait
State, rank-9, MPI_STATE, 0.000015, 0.000015, 0.000000, 0.000000, PMPI_Wait
State, rank-9, MPI_STATE, 0.000015, 0.000015, 0.000000, 0.000000, PMPI_Irecv
State, rank-9, MPI_STATE, 0.000015, 0.000015, 0.000000, 0.000000, PMPI_Irecv
State, rank-9, MPI_STATE, 0.000015, 0.000015, 0.000000, 0.000000, PMPI_Isend
State, rank-9, MPI_STATE, 0.000015, 0.000015, 0.000000, 0.000000, PMPI_Isend
State, rank-9, MPI_STATE, 0.000015, 0.000015, 0.000000, 0.000000, PMPI_Irecv
State, rank-9, MPI_STATE, 0.000015, 0.000015, 0.000000, 0.000000, PMPI_Irecv
State, rank-9, MPI_STATE, 0.000015, 0.000015, 0.000000, 0.000000, PMPI_Irecv
State, rank-9, MPI_STATE, 0.000015, 0.000015, 0.000000, 0.000000, PMPI_Isend
State, rank-9, MPI_STATE, 0.000015, 0.000015, 0.000000, 0.000000, PMPI_Isend
State, rank-9, MPI_STATE, 0.000015, 0.000015, 0.000000, 0.000000, PMPI_Isend
State, rank-9, MPI_STATE, 0.000015, 0.000015, 0.000000, 0.000000, PMPI_Irecv
State, rank-9, MPI_STATE, 0.000015, 0.000015, 0.000000, 0.000000, PMPI_Irecv
State, rank-9, MPI_STATE, 0.000015, 0.000015, 0.000000, 0.000000, PMPI_Irecv
State, rank-9, MPI_STATE, 0.000015, 0.000015, 0.000000, 0.000000, PMPI_Isend
State, rank-9, MPI_STATE, 0.000015, 0.000015, 0.000000, 0.000000, PMPI_Isend
State, rank-9, MPI_STATE, 0.000015, 0.000015, 0.000000, 0.000000, PMPI_Isend
State, rank-9, MPI_STATE, 0.000015, 0.000018, 0.000003, 0.000000, PMPI_Wait
State, rank-9, MPI_STATE, 0.000018, 0.000018, 0.000000, 0.000000, PMPI_Wait
State, rank-9, MPI_STATE, 0.000018, 0.000018, 0.000000, 0.000000, PMPI_Wait
State, rank-9, MPI_STATE, 0.000018, 0.000018, 0.000000, 0.000000, PMPI_Wait
State, rank-9, MPI_STATE, 0.000018, 0.000018, 0.000000, 0.000000, PMPI_Wait
State, rank-9, MPI_STATE, 0.000018, 0.000018, 0.000000, 0.000000, PMPI_Wait
State, rank-9, MPI_STATE, 0.000018, 0.000018, 0.000000, 0.000000, PMPI_Wait
State, rank-9, MPI_STATE, 0.000018, 0.000018, 0.000000, 0.000000, PMPI_Wait
State, rank-9, MPI_STATE, 0.000018, 0.000027, 0.000009, 0.000000, PMPI_Barrier
State, rank-9, MPI_STATE, 0.000027, 0.000027, 0.000000, 0.000000, PMPI_Finalize
Container, 0, MPI, 0, 2.7e-05, 2.7e-05, rank-8
State, rank-8, MPI_STATE, 0.000000, 0.000000, 0.000000, 0.000000, PMPI_Init
State, rank-8, MPI_STATE, 0.000001, 0.000009, 0.000008, 0.000000, PMPI_Barrier
State, rank-8, MPI_STATE, 0.000009, 0.000009, 0.000000, 0.000000, PMPI_Irecv
State, rank-8, MPI_STATE, 0.000010, 0.000010, 0.000000, 0.000000, PMPI_Isend
State, rank-8, MPI_STATE, 0.000010, 0.000010, 0.000000, 0.000000, PMPI_Irecv
State, rank-8, MPI_STATE, 0.000010, 0.000010, 0.000000, 0.000000, PMPI_Isend
State, rank-8, MPI_STATE, 0.000010, 0.000010, 0.000000, 0.000000, PMPI_Irecv
State, rank-8, MPI_STATE, 0.000010, 0.000010, 0.000000, 0.000000, PMPI_Isend
State, rank-8, MPI_STATE, 0.000010, 0.000014, 0.000004, 0.000000, PMPI_Wait
State, rank-8, MPI_STATE, 0.000014, 0.000015, 0.000001, 0.000000, PMPI_Wait
State, rank-8, MPI_STATE, 0.000015, 0.000015, 0.000000, 0.000000, PMPI_Wait
State, rank-8, MPI_STATE, 0.000015, 0.000015, 0.000000, 0.000000, PMPI_Wait
State, rank-8, MPI_STATE, 0.000015, 0.000015, 0.000000, 0.000000, PMPI_Wait
State, rank-8, MPI_STATE, 0.000015, 0.000015, 0.000000, 0.000000, PMPI_Wait
State, rank-8, MPI_STATE, 0.000015, 0.000015, 0.000000, 0.000000, PMPI_Irecv
State, rank-8, MPI_STATE, 0.000015, 0.000015, 0.000000, 0.000000, PMPI_Irecv
State, rank-8, MPI_STATE, 0.000015, 0.000015, 0.000000, 0.000000, PMPI_Isend
State, rank-8, MPI_STATE, 0.000015, 0.000015, 0.000000, 0.000000, PMPI_Isend
State, rank-8, MPI_STATE, 0.000015, 0.000015, 0.000000, 0.000000, PMPI_Irecv
State, rank-8, MPI_STATE, 0.000015, 0.000015, 0.000000, 0.000000, PMPI_Irecv
State, rank-8, MPI_STATE, 0.000015, 0.000015, 0.000000, 0.000000, PMPI_Irecv
State, rank-8, MPI_STATE, 0.000015, 0.000015, 0.000000, 0.000000, PMPI_Isend
State, rank-8, MPI_STATE, 0.000015, 0.000015, 0.000000, 0.000000, PMPI_Isend
State, rank-8, MPI_STATE, 0.000015, 0.000015, 0.000000, 0.000000, PMPI_Isend
State, rank-8, MPI_STATE, 0.000015, 0.000015, 0.000000, 0.000000, PMPI_Irecv
State, rank-8, MPI_STATE, 0.000015, 0.000015, 0.000000, 0.000000, PMPI_Irecv
State, rank-8, MPI_STATE, 0.000015, 0.000015, 0.000000, 0.000000, PMPI_Irecv
State, rank-8, MPI_STATE, 0.000015, 0.000015, 0.000000, 0.000000, PMPI_Isend
State, rank-8, MPI_STATE, 0.000015, 0.000015, 0.000000, 0.000000, PMPI_Isend
State, rank-8, MPI_STATE, 0.000015, 0.000015, 0.000000, 0.000000, PMPI_Isend
State, rank-8, MPI_STATE, 0.000015, 0.000018, 0.000003, 0.000000, PMPI_Wait
State, rank-8, MPI_STATE, 0.000018, 0.000018, 0.000000, 0.000000, PMPI_Wait
State, rank-8, MPI_STATE, 0.000018, 0.000018, 0.000000, 0.000000, PMPI_Wait
State, rank-8, MPI_STATE, 0.000018, 0.000018, 0.000000, 0.000000, PMPI_Wait
State, rank-8, MPI_STATE, 0.000018, 0.000018, 0.000000, 0.000000, PMPI_Wait
State, rank-8, MPI_STATE, 0.000018, 0.000019, 0.000001, 0.000000, PMPI_Wait
State, rank-8, MPI_STATE, 0.000019, 0.000019, 0.000000, 0.000000, PMPI_Wait
State, rank-8, MPI_STATE, 0.000019, 0.000019, 0.000000, 0.000000, PMPI_Wait
State, rank-8, MPI_STATE, 0.000019, 0.000027, 0.000008, 0.000000, PMPI_Barrier
State, rank-8, MPI_STATE, 0.000027, 0.000027, 0.000000, 0.000000, PMPI_Finalize
Container, 0, MPI, 0, 2.7e-05, 2.7e-05, rank-7
State, rank-7, MPI_STATE, 0.000000, 0.000000, 0.000000, 0.000000, PMPI_Init
State, rank-7, MPI_STATE, 0.000001, 0.000009, 0.000008, 0.000000, PMPI_Barrier
State, rank-7, MPI_STATE, 0.000009, 0.000009, 0.000000, 0.000000, PMPI_Irecv
State, rank-7, MPI_STATE, 0.000010, 0.000010, 0.000000, 0.000000, PMPI_Isend
State, rank-7, MPI_STATE, 0.000010, 0.000010, 0.000000, 0.000000, PMPI_Irecv
State, rank-7, MPI_STATE, 0.000010, 0.000010, 0.000000, 0.000000, PMPI_Isend
State, rank-7, MPI_STATE, 0.000010, 0.000010, 0.000000, 0.000000, PMPI_Irecv
State, rank-7, MPI_STATE, 0.000010, 0.000010, 0.000000, 0.000000, PMPI_Isend
State, rank-7, MPI_STATE, 0.000010, 0.000014, 0.000004, 0.000000, PMPI_Wait
State, rank-7, MPI_STATE, 0.000014, 0.000015, 0.000001, 0.000000, PMPI_Wait
State, rank-7, MPI_STATE, 0.000015, 0.000015, 0.000000, 0.000000, PMPI_Wait
State, rank-7, MPI_STATE, 0.000015, 0.000015, 0.000000, 0.000000, PMPI_Wait
State, rank-7, MPI_STATE, 0.000015, 0.000015, 0.000000, 0.000000, PMPI_Wait
State, rank-7, MPI_STATE, 0.000015, 0.000015, 0.000000, 0.000000, PMPI_Wait
State, rank-7, MPI_STATE, 0.000015, 0.000015, 0.000000, 0.000000, PMPI_Irecv
State, rank-7, MPI_STATE, 0.000015, 0.000015, 0.000000, 0.000000, PMPI_Irecv
State, rank-7, MPI_STATE, 0.000015, 0.000015, 0.000000, 0.000000, PMPI_Isend
State, rank-7, MPI_STATE, 0.000015, 0.000015, 0.000000, 0.000000, PMPI_Isend
State, rank-7, MPI_STATE, 0.000015, 0.000015, 0.000000, 0.000000, PMPI_Irecv
State, rank-7, MPI_STATE, 0.000015, 0.000015, 0.000000, 0.000000, PMPI_Irecv
State, rank-7, MPI_STATE, 0.000015, 0.000015, 0.000000, 0.000000, PMPI_Irecv
State, rank-7, MPI_STATE, 0.000015, 0.000015, 0.000000, 0.000000, PMPI_Isend
State, rank-7, MPI_STATE, 0.000015, 0.000015, 0.000000, 0.000000, PMPI_Isend
State, rank-7, MPI_STATE, 0.000015, 0.000015, 0.000000, 0.000000, PMPI_Isend
State, rank-7, MPI_STATE, 0.000015, 0.000015, 0.000000, 0.000000, PMPI_Irecv
State, rank-7, MPI_STATE, 0.000015, 0.000015, 0.000000, 0.000000, PMPI_Irecv
State, rank-7, MPI_STATE, 0.000015, 0.000015, 0.000000, 0.000000, PMPI_Irecv
State, rank-7, MPI_STATE, 0.000015, 0.000015, 0.000000, 0.000000, PMPI_Isend
State, rank-7, MPI_STATE, 0.000015, 0.000015, 0.000000, 0.000000, PMPI_Isend
State, rank-7, MPI_STATE, 0.000015, 0.000015, 0.000000, 0.000000, PMPI_Isend
State, rank-7, MPI_STATE, 0.000015, 0.000018, 0.000003, 0.000000, PMPI_Wait
State, rank-7, MPI_STATE, 0.000018, 0.000018, 0.000000, 0.000000, PMPI_Wait
State, rank-7, MPI_STATE, 0.000018, 0.000019, 0.000001, 0.000000, PMPI_Wait
State, rank-7, MPI_STATE, 0.000019, 0.000019, 0.000000, 0.000000, PMPI_Wait
State, rank-7, MPI_STATE, 0.000019, 0.000019, 0.000000, 0.000000, PMPI_Wait
State, rank-7, MPI_STATE, 0.000019, 0.000019, 0.000000, 0.000000, PMPI_Wait
State, rank-7, MPI_STATE, 0.000019, 0.000019, 0.000000, 0.000000, PMPI_Wait
State, rank-7, MPI_STATE, 0.000019, 0.000019, 0.000000, 0.000000, PMPI_Wait
State, rank-7, MPI_STATE, 0.000019, 0.000027, 0.000008, 0.000000, PMPI_Barrier
State, rank-7, MPI_STATE, 0.000027, 0.000027, 0.000000, 0.000000, PMPI_Finalize
Container, 0, MPI, 0, 2.7e-05, 2.7e-05, rank-6
State, rank-6, MPI_STATE, 0.000000, 0.000000, 0.000000, 0.000000, PMPI_Init
State, rank-6, MPI_STATE, 0.000001, 0.000009, 0.000008, 0.000000, PMPI_Barrier
State, rank-6, MPI_STATE, 0.000009, 0.000009, 0.000000, 0.000000, PMPI_Irecv
State, rank-6, MPI_STATE, 0.000010, 0.000010, 0.000000, 0.000000, PMPI_Isend
State, rank-6, MPI_STATE, 0.000010, 0.000010, 0.000000, 0.000000, PMPI_Irecv
State, rank-6, MPI_STATE, 0.000010, 0.000010, 0.000000, 0.000000, PMPI_Isend
State, rank-6, MPI_STATE, 0.000010, 0.000010, 0.000000, 0.000000, PMPI_Irecv
State, rank-6, MPI_STATE, 0.000010, 0.000010, 0.000000, 0.000000, PMPI_Isend
State, rank-6, MPI_STATE, 0.000010, 0.000014, 0.000004, 0.000000, PMPI_Wait
State, rank-6, MPI_STATE, 0.000014, 0.000015, 0.000001, 0.000000, PMPI_Wait
State, rank-6, MPI_STATE, 0.000015, 0.000015, 0.000000, 0.000000, PMPI_Wait
State, rank-6, MPI_STATE, 0.000015, 0.000015, 0.000000, 0.000000, PMPI_Wait
State, rank-6, MPI_STATE, 0.000015, 0.000015, 0.000000, 0.000000, PMPI_Wait
State, rank-6, MPI_STATE, 0.000015, 0.000015, 0.000000, 0.000000, PMPI_Wait
State, rank-6, MPI_STATE, 0.000015, 0.000015, 0.000000, 0.000000, PMPI_Irecv
State, rank-6, MPI_STATE, 0.000015, 0.000015, 0.000000, 0.000000, PMPI_Irecv
State, rank-6, MPI_STATE, 0.000015, 0.000015, 0.000000, 0.000000, PMPI_Isend
State, rank-6, MPI_STATE, 0.000015, 0.000015, 0.000000, 0.000000, PMPI_Isend
State, rank-6, MPI_STATE, 0.000015, 0.000015, 0.000000, 0.000000, PMPI_Irecv
State, rank-6, MPI_STATE, 0.000015, 0.000015, 0.000000, 0.000000, PMPI_Irecv
State, rank-6, MPI_STATE, 0.000015, 0.000015, 0.000000, 0.000000, PMPI_Irecv
State, rank-6, MPI_STATE, 0.000015, 0.000015, 0.000000, 0.000000, PMPI_Isend
State, rank-6, MPI_STATE, 0.000015, 0.000015, 0.000000, 0.000000, PMPI_Isend
State, rank-6, MPI_STATE, 0.000015, 0.000015, 0.000000, 0.000000, PMPI_Isend
State, rank-6, MPI_STATE, 0.000015, 0.000015, 0.000000, 0.000000, PMPI_Irecv
State, rank-6, MPI_STATE, 0.000015, 0.000015, 0.000000, 0.000000, PMPI_Irecv
State, rank-6, MPI_STATE, 0.000015, 0.000015, 0.000000, 0.000000, PMPI_Irecv
State, rank-6, MPI_STATE, 0.000015, 0.000015, 0.000000, 0.000000, PMPI_Isend
State, rank-6, MPI_STATE, 0.000015, 0.000015, 0.000000, 0.000000, PMPI_Isend
State, rank-6, MPI_STATE, 0.000015, 0.000015, 0.000000, 0.000000, PMPI_Isend
State, rank-6, MPI_STATE, 0.000015, 0.000018, 0.000003, 0.000000, PMPI_Wait
State, rank-6, MPI_STATE, 0.000018, 0.000018, 0.000000, 0.000000, PMPI_Wait
State, rank-6, MPI_STATE, 0.000018, 0.000019, 0.000001, 0.000000, PMPI_Wait
State, rank-6, MPI_STATE, 0.000019, 0.000019, 0.000000, 0.000000, PMPI_Wait
State, rank-6, MPI_STATE, 0.000019, 0.000019, 0.000000, 0.000000, PMPI_Wait
State, rank-6, MPI_STATE, 0.000019, 0.000019, 0.000000, 0.000000, PMPI_Wait
State, rank-6, MPI_STATE, 0.000019, 0.000019, 0.000000, 0.000000, PMPI_Wait
State, rank-6, MPI_STATE, 0.000019, 0.000019, 0.000000, 0.000000, PMPI_Wait
State, rank-6, MPI_STATE, 0.000019, 0.000027, 0.000008, 0.000000, PMPI_Barrier
State, rank-6, MPI_STATE, 0.000027, 0.000027, 0.000000, 0.000000, PMPI_Finalize
Container, 0, MPI, 0, 2.5e-05, 2.5e-05, rank-5
State, rank-5, MPI_STATE, 0.000000, 0.000000, 0.000000, 0.000000, PMPI_Init
State, rank-5, MPI_STATE, 0.000001, 0.000007, 0.000006, 0.000000, PMPI_Barrier
State, rank-5, MPI_STATE, 0.000007, 0.000007, 0.000000, 0.000000, PMPI_Irecv
State, rank-5, MPI_STATE, 0.000007, 0.000007, 0.000000, 0.000000, PMPI_Isend
State, rank-5, MPI_STATE, 0.000007, 0.000007, 0.000000, 0.000000, PMPI_Irecv
State, rank-5, MPI_STATE, 0.000008, 0.000008, 0.000000, 0.000000, PMPI_Isend
State, rank-5, MPI_STATE, 0.000008, 0.000008, 0.000000, 0.000000, PMPI_Irecv
State, rank-5, MPI_STATE, 0.000008, 0.000008, 0.000000, 0.000000, PMPI_Isend
State, rank-5, MPI_STATE, 0.000008, 0.000014, 0.000006, 0.000000, PMPI_Wait
State, rank-5, MPI_STATE, 0.000014, 0.000014, 0.000000, 0.000000, PMPI_Wait
State, rank-5, MPI_STATE, 0.000014, 0.000015, 0.000001, 0.000000, PMPI_Wait
State, rank-5, MPI_STATE, 0.000015, 0.000015, 0.000000, 0.000000, PMPI_Wait
State, rank-5, MPI_STATE, 0.000015, 0.000015, 0.000000, 0.000000, PMPI_Wait
State, rank-5, MPI_STATE, 0.000015, 0.000015, 0.000000, 0.000000, PMPI_Wait
State, rank-5, MPI_STATE, 0.000015, 0.000015, 0.000000, 0.000000, PMPI_Irecv
State, rank-5, MPI_STATE, 0.000015, 0.000015, 0.000000, 0.000000, PMPI_Irecv
State, rank-5, MPI_STATE, 0.000015, 0.000015, 0.000000, 0.000000, PMPI_Isend
State, rank-5, MPI_STATE, 0.000015, 0.000015, 0.000000, 0.000000, PMPI_Isend
State, rank-5, MPI_STATE, 0.000015, 0.000015, 0.000000, 0.000000, PMPI_Irecv
State, rank-5, MPI_STATE, 0.000015, 0.000015, 0.000000, 0.000000, PMPI_Irecv
State, rank-5, MPI_STATE, 0.000015, 0.000015, 0.000000, 0.000000, PMPI_Irecv
State, rank-5, MPI_STATE, 0.000015, 0.000015, 0.000000, 0.000000, PMPI_Isend
State, rank-5, MPI_STATE, 0.000015, 0.000015, 0.000000, 0.000000, PMPI_Isend
State, rank-5, MPI_STATE, 0.000015, 0.000015, 0.000000, 0.000000, PMPI_Isend
State, rank-5, MPI_STATE, 0.000015, 0.000015, 0.000000, 0.000000, PMPI_Irecv
State, rank-5, MPI_STATE, 0.000015, 0.000015, 0.000000, 0.000000, PMPI_Irecv
State, rank-5, MPI_STATE, 0.000015, 0.000015, 0.000000, 0.000000, PMPI_Irecv
State, rank-5, MPI_STATE, 0.000015, 0.000015, 0.000000, 0.000000, PMPI_Isend
State, rank-5, MPI_STATE, 0.000015, 0.000015, 0.000000, 0.000000, PMPI_Isend
State, rank-5, MPI_STATE, 0.000015, 0.000015, 0.000000, 0.000000, PMPI_Isend
State, rank-5, MPI_STATE, 0.000015, 0.000018, 0.000003, 0.000000, PMPI_Wait
State, rank-5, MPI_STATE, 0.000018, 0.000018, 0.000000, 0.000000, PMPI_Wait
State, rank-5, MPI_STATE, 0.000018, 0.000018, 0.000000, 0.000000, PMPI_Wait
State, rank-5, MPI_STATE, 0.000018, 0.000018, 0.000000, 0.000000, PMPI_Wait
State, rank-5, MPI_STATE, 0.000018, 0.000018, 0.000000, 0.000000, PMPI_Wait
State, rank-5, MPI_STATE, 0.000018, 0.000019, 0.000001, 0.000000, PMPI_Wait
State, rank-5, MPI_STATE, 0.000019, 0.000019, 0.000000, 0.000000, PMPI_Wait
State, rank-5, MPI_STATE, 0.000019, 0.000019, 0.000000, 0.000000, PMPI_Wait
State, rank-5, MPI_STATE, 0.000019, 0.000025, 0.000006, 0.000000, PMPI_Barrier
State, rank-5, MPI_STATE, 0.000025, 0.000025, 0.000000, 0.000000, PMPI_Finalize
Container, 0, MPI, 0, 2.5e-05, 2.5e-05, rank-4
State, rank-4, MPI_STATE, 0.000000, 0.000000, 0.000000, 0.000000, PMPI_Init
State, rank-4, MPI_STATE, 0.000001, 0.000007, 0.000006, 0.000000, PMPI_Barrier
State, rank-4, MPI_STATE, 0.000007, 0.000007, 0.000000, 0.000000, PMPI_Irecv
State, rank-4, MPI_STATE, 0.000008, 0.000008, 0.000000, 0.000000, PMPI_Isend
State, rank-4, MPI_STATE, 0.000008, 0.000008, 0.000000, 0.000000, PMPI_Irecv
State, rank-4, MPI_STATE, 0.000008, 0.000008, 0.000000, 0.000000, PMPI_Isend
State, rank-4, MPI_STATE, 0.000008, 0.000008, 0.000000, 0.000000, PMPI_Irecv
State, rank-4, MPI_STATE, 0.000008, 0.000008, 0.000000, 0.000000, PMPI_Isend
State, rank-4, MPI_STATE, 0.000008, 0.000014, 0.000006, 0.000000, PMPI_Wait
State, rank-4, MPI_STATE, 0.000014, 0.000015, 0.000001, 0.000000, PMPI_Wait
State, rank-4, MPI_STATE, 0.000015, 0.000015, 0.000000, 0.000000, PMPI_Wait
State, rank-4, MPI_STATE, 0.000015, 0.000015, 0.000000, 0.000000, PMPI_Wait
State, rank-4, MPI_STATE, 0.000015, 0.000015, 0.000000, 0.000000, PMPI_Wait
State, rank-4, MPI_STATE, 0.000015, 0.000015, 0.000000, 0.000000, PMPI_Wait
State, rank-4, MPI_STATE, 0.000015, 0.000015, 0.000000, 0.000000, PMPI_Irecv
State, rank-4, MPI_STATE, 0.000015, 0.000015, 0.000000, 0.000000, PMPI_Irecv
State, rank-4, MPI_STATE, 0.000015, 0.000015, 0.000000, 0.000000, PMPI_Isend
State, rank-4, MPI_STATE, 0.000015, 0.000015, 0.000000, 0.000000, PMPI_Isend
State, rank-4, MPI_STATE, 0.000015, 0.000015, 0.000000, 0.000000, PMPI_Irecv
State, rank-4, MPI_STATE, 0.000015, 0.000015, 0.000000, 0.000000, PMPI_Irecv
State, rank-4, MPI_STATE, 0.000015, 0.000015, 0.000000, 0.000000, PMPI_Irecv
State, rank-4, MPI_STATE, 0.000015, 0.000015, 0.000000, 0.000000, PMPI_Isend
State, rank-4, MPI_STATE, 0.000015, 0.000015, 0.000000, 0.000000, PMPI_Isend
State, rank-4, MPI_STATE, 0.000015, 0.000015, 0.000000, 0.000000, PMPI_Isend
State, rank-4, MPI_STATE, 0.000015, 0.000015, 0.000000, 0.000000, PMPI_Irecv
State, rank-4, MPI_STATE, 0.000015, 0.000015, 0.000000, 0.000000, PMPI_Irecv
State, rank-4, MPI_STATE, 0.000015, 0.000015, 0.000000, 0.000000, PMPI_Irecv
State, rank-4, MPI_STATE, 0.000015, 0.000015, 0.000000, 0.000000, PMPI_Isend
State, rank-4, MPI_STATE, 0.000015, 0.000015, 0.000000, 0.000000, PMPI_Isend
State, rank-4, MPI_STATE, 0.000015, 0.000015, 0.000000, 0.000000, PMPI_Isend
State, rank-4, MPI_STATE, 0.000015, 0.000018, 0.000003, 0.000000, PMPI_Wait
State, rank-4, MPI_STATE, 0.000018, 0.000018, 0.000000, 0.000000, PMPI_Wait
State, rank-4, MPI_STATE, 0.000018, 0.000019, 0.000001, 0.000000, PMPI_Wait
State, rank-4, MPI_STATE, 0.000019, 0.000019, 0.000000, 0.000000, PMPI_Wait
State, rank-4, MPI_STATE, 0.000019, 0.000019, 0.000000, 0.000000, PMPI_Wait
State, rank-4, MPI_STATE, 0.000019, 0.000019, 0.000000, 0.000000, PMPI_Wait
State, rank-4, MPI_STATE, 0.000019, 0.000019, 0.000000, 0.000000, PMPI_Wait
State, rank-4, MPI_STATE, 0.000019, 0.000019, 0.000000, 0.000000, PMPI_Wait
State, rank-4, MPI_STATE, 0.000019, 0.000025, 0.000006, 0.000000, PMPI_Barrier
State, rank-4, MPI_STATE, 0.000025, 0.000025, 0.000000, 0.000000, PMPI_Finalize
Container, 0, MPI, 0, 2.5e-05, 2.5e-05, rank-3
State, rank-3, MPI_STATE, 0.000000, 0.000000, 0.000000, 0.000000, PMPI_Init
State, rank-3, MPI_STATE, 0.000001, 0.000007, 0.000006, 0.000000, PMPI_Barrier
State, rank-3, MPI_STATE, 0.000007, 0.000007, 0.000000, 0.000000, PMPI_Irecv
State, rank-3, MPI_STATE, 0.000007, 0.000007, 0.000000, 0.000000, PMPI_Isend
State, rank-3, MPI_STATE, 0.000007, 0.000007, 0.000000, 0.000000, PMPI_Irecv
State, rank-3, MPI_STATE, 0.000008, 0.000008, 0.000000, 0.000000, PMPI_Isend
State, rank-3, MPI_STATE, 0.000008, 0.000008, 0.000000, 0.000000, PMPI_Irecv
State, rank-3, MPI_STATE, 0.000008, 0.000008, 0.000000, 0.000000, PMPI_Isend
State, rank-3, MPI_STATE, 0.000008, 0.000012, 0.000004, 0.000000, PMPI_Wait
State, rank-3, MPI_STATE, 0.000012, 0.000015, 0.000003, 0.000000, PMPI_Wait
State, rank-3, MPI_STATE, 0.000015, 0.000015, 0.000000, 0.000000, PMPI_Wait
State, rank-3, MPI_STATE, 0.000015, 0.000015, 0.000000, 0.000000, PMPI_Wait
State, rank-3, MPI_STATE, 0.000015, 0.000015, 0.000000, 0.000000, PMPI_Wait
State, rank-3, MPI_STATE, 0.000015, 0.000015, 0.000000, 0.000000, PMPI_Wait
State, rank-3, MPI_STATE, 0.000015, 0.000015, 0.000000, 0.000000, PMPI_Irecv
State, rank-3, MPI_STATE, 0.000015, 0.000015, 0.000000, 0.000000, PMPI_Irecv
State, rank-3, MPI_STATE, 0.000015, 0.000015, 0.000000, 0.000000, PMPI_Isend
State, rank-3, MPI_STATE, 0.000015, 0.000015, 0.000000, 0.000000, PMPI_Isend
State, rank-3, MPI_STATE, 0.000015, 0.000015, 0.000000, 0.000000, PMPI_Irecv
State, rank-3, MPI_STATE, 0.000015, 0.000015, 0.000000, 0.000000, PMPI_Irecv
State, rank-3, MPI_STATE, 0.000015, 0.000015, 0.000000, 0.000000, PMPI_Irecv
State, rank-3, MPI_STATE, 0.000015, 0.000015, 0.000000, 0.000000, PMPI_Isend
State, rank-3, MPI_STATE, 0.000015, 0.000015, 0.000000, 0.000000, PMPI_Isend
State, rank-3, MPI_STATE, 0.000015, 0.000015, 0.000000, 0.000000, PMPI_Isend
State, rank-3, MPI_STATE, 0.000015, 0.000015, 0.000000, 0.000000, PMPI_Irecv
State, rank-3, MPI_STATE, 0.000015, 0.000015, 0.000000, 0.000000, PMPI_Irecv
State, rank-3, MPI_STATE, 0.000015, 0.000015, 0.000000, 0.000000, PMPI_Irecv
State, rank-3, MPI_STATE, 0.000015, 0.000015, 0.000000, 0.000000, PMPI_Isend
State, rank-3, MPI_STATE, 0.000015, 0.000015, 0.000000, 0.000000, PMPI_Isend
State, rank-3, MPI_STATE, 0.000015, 0.000015, 0.000000, 0.000000, PMPI_Isend
State, rank-3, MPI_STATE, 0.000015, 0.000018, 0.000003, 0.000000, PMPI_Wait
State, rank-3, MPI_STATE, 0.000018, 0.000018, 0.000000, 0.000000, PMPI_Wait
State, rank-3, MPI_STATE, 0.000018, 0.000019, 0.000001, 0.000000, PMPI_Wait
State, rank-3, MPI_STATE, 0.000019, 0.000019, 0.000000, 0.000000, PMPI_Wait
State, rank-3, MPI_STATE, 0.000019, 0.000019, 0.000000, 0.000000, PMPI_Wait
State, rank-3, MPI_STATE, 0.000019, 0.000019, 0.000000, 0.000000, PMPI_Wait
State, rank-3, MPI_STATE, 0.000019, 0.000019, 0.000000, 0.000000, PMPI_Wait
State, rank-3, MPI_STATE, 0.000019, 0.000019, 0.000000, 0.000000, PMPI_Wait
State, rank-3, MPI_STATE, 0.000019, 0.000025, 0.000006, 0.000000, PMPI_Barrier
State, rank-3, MPI_STATE, 0.000025, 0.000025, 0.000000, 0.000000, PMPI_Finalize
Container, 0, MPI, 0, 2.7e-05, 2.7e-05, rank-2
State, rank-2, MPI_STATE, 0.000000, 0.000000, 0.000000, 0.000000, PMPI_Init
State, rank-2, MPI_STATE, 0.000001, 0.000009, 0.000008, 0.000000, PMPI_Barrier
State, rank-2, MPI_STATE, 0.000009, 0.000009, 0.000000, 0.000000, PMPI_Irecv
State, rank-2, MPI_STATE, 0.000010, 0.000010, 0.000000, 0.000000, PMPI_Isend
State, rank-2, MPI_STATE, 0.000010, 0.000010, 0.000000, 0.000000, PMPI_Irecv
State, rank-2, MPI_STATE, 0.000010, 0.000010, 0.000000, 0.000000, PMPI_Isend
State, rank-2, MPI_STATE, 0.000010, 0.000010, 0.000000, 0.000000, PMPI_Irecv
State, rank-2, MPI_STATE, 0.000010, 0.000010, 0.000000, 0.000000, PMPI_Isend
State, rank-2, MPI_STATE, 0.000010, 0.000014, 0.000004, 0.000000, PMPI_Wait
State, rank-2, MPI_STATE, 0.000014, 0.000015, 0.000001, 0.000000, PMPI_Wait
State, rank-2, MPI_STATE, 0.000015, 0.000015, 0.000000, 0.000000, PMPI_Wait
State, rank-2, MPI_STATE, 0.000015, 0.000015, 0.000000, 0.000000, PMPI_Wait
State, rank-2, MPI_STATE, 0.000015, 0.000015, 0.000000, 0.000000, PMPI_Wait
State, rank-2, MPI_STATE, 0.000015, 0.000015, 0.000000, 0.000000, PMPI_Wait
State, rank-2, MPI_STATE, 0.000015, 0.000015, 0.000000, 0.000000, PMPI_Irecv
State, rank-2, MPI_STATE, 0.000015, 0.000015, 0.000000, 0.000000, PMPI_Irecv
State, rank-2, MPI_STATE, 0.000015, 0.000015, 0.000000, 0.000000, PMPI_Isend
State, rank-2, MPI_STATE, 0.000015, 0.000015, 0.000000, 0.000000, PMPI_Isend
State, rank-2, MPI_STATE, 0.000015, 0.000015, 0.000000, 0.000000, PMPI_Irecv
State, rank-2, MPI_STATE, 0.000015, 0.000015, 0.000000, 0.000000, PMPI_Irecv
State, rank-2, MPI_STATE, 0.000015, 0.000015, 0.000000, 0.000000, PMPI_Irecv
State, rank-2, MPI_STATE, 0.000015, 0.000015, 0.000000, 0.000000, PMPI_Isend
State, rank-2, MPI_STATE, 0.000015, 0.000015, 0.000000, 0.000000, PMPI_Isend
State, rank-2, MPI_STATE, 0.000015, 0.000015, 0.000000, 0.000000, PMPI_Isend
State, rank-2, MPI_STATE, 0.000015, 0.000015, 0.000000, 0.000000, PMPI_Irecv
State, rank-2, MPI_STATE, 0.000015, 0.000015, 0.000000, 0.000000, PMPI_Irecv
State, rank-2, MPI_STATE, 0.000015, 0.000015, 0.000000, 0.000000, PMPI_Irecv
State, rank-2, MPI_STATE, 0.000015, 0.000015, 0.000000, 0.000000, PMPI_Isend
State, rank-2, MPI_STATE, 0.000015, 0.000015, 0.000000, 0.000000, PMPI_Isend
State, rank-2, MPI_STATE, 0.000015, 0.000015, 0.000000, 0.000000, PMPI_Isend
State, rank-2, MPI_STATE, 0.000015, 0.000018, 0.000003, 0.000000, PMPI_Wait
State, rank-2, MPI_STATE, 0.000018, 0.000018, 0.000000, 0.000000, PMPI_Wait
State, rank-2, MPI_STATE, 0.000018, 0.000019, 0.000001, 0.000000, PMPI_Wait
State, rank-2, MPI_STATE, 0.000019, 0.000019, 0.000000, 0.000000, PMPI_Wait
State, rank-2, MPI_STATE, 0.000019, 0.000019, 0.000000, 0.000000, PMPI_Wait
State, rank-2, MPI_STATE, 0.000019, 0.000019, 0.000000, 0.000000, PMPI_Wait
State, rank-2, MPI_STATE, 0.000019, 0.000019, 0.000000, 0.000000, PMPI_Wait
State, rank-2, MPI_STATE, 0.000019, 0.000019, 0.000000, 0.000000, PMPI_Wait
State, rank-2, MPI_STATE, 0.000019, 0.000027, 0.000008, 0.000000, PMPI_Barrier
State, rank-2, MPI_STATE, 0.000027, 0.000027, 0.000000, 0.000000, PMPI_Finalize
Container, 0, MPI, 0, 2.7e-05, 2.7e-05, rank-1
State, rank-1, MPI_STATE, 0.000000, 0.000000, 0.000000, 0.000000, PMPI_Init
State, rank-1, MPI_STATE, 0.000001, 0.000009, 0.000008, 0.000000, PMPI_Barrier
State, rank-1, MPI_STATE, 0.000009, 0.000009, 0.000000, 0.000000, PMPI_Irecv
State, rank-1, MPI_STATE, 0.000010, 0.000010, 0.000000, 0.000000, PMPI_Isend
State, rank-1, MPI_STATE, 0.000010, 0.000010, 0.000000, 0.000000, PMPI_Irecv
State, rank-1, MPI_STATE, 0.000010, 0.000010, 0.000000, 0.000000, PMPI_Isend
State, rank-1, MPI_STATE, 0.000010, 0.000010, 0.000000, 0.000000, PMPI_Irecv
State, rank-1, MPI_STATE, 0.000010, 0.000010, 0.000000, 0.000000, PMPI_Isend
State, rank-1, MPI_STATE, 0.000010, 0.000014, 0.000004, 0.000000, PMPI_Wait
State, rank-1, MPI_STATE, 0.000014, 0.000015, 0.000001, 0.000000, PMPI_Wait
State, rank-1, MPI_STATE, 0.000015, 0.000015, 0.000000, 0.000000, PMPI_Wait
State, rank-1, MPI_STATE, 0.000015, 0.000015, 0.000000, 0.000000, PMPI_Wait
State, rank-1, MPI_STATE, 0.000015, 0.000015, 0.000000, 0.000000, PMPI_Wait
State, rank-1, MPI_STATE, 0.000015, 0.000015, 0.000000, 0.000000, PMPI_Wait
State, rank-1, MPI_STATE, 0.000015, 0.000015, 0.000000, 0.000000, PMPI_Irecv
State, rank-1, MPI_STATE, 0.000015, 0.000015, 0.000000, 0.000000, PMPI_Irecv
State, rank-1, MPI_STATE, 0.000015, 0.000015, 0.000000, 0.000000, PMPI_Isend
State, rank-1, MPI_STATE, 0.000015, 0.000015, 0.000000, 0.000000, PMPI_Isend
State, rank-1, MPI_STATE, 0.000015, 0.000015, 0.000000, 0.000000, PMPI_Irecv
State, rank-1, MPI_STATE, 0.000015, 0.000015, 0.000000, 0.000000, PMPI_Irecv
State, rank-1, MPI_STATE, 0.000015, 0.000015, 0.000000, 0.000000, PMPI_Irecv
State, rank-1, MPI_STATE, 0.000015, 0.000015, 0.000000, 0.000000, PMPI_Isend
State, rank-1, MPI_STATE, 0.000015, 0.000015, 0.000000, 0.000000, PMPI_Isend
State, rank-1, MPI_STATE, 0.000015, 0.000015, 0.000000, 0.000000, PMPI_Isend
State, rank-1, MPI_STATE, 0.000015, 0.000015, 0.000000, 0.000000, PMPI_Irecv
State, rank-1, MPI_STATE, 0.000015, 0.000015, 0.000000, 0.000000, PMPI_Irecv
State, rank-1, MPI_STATE, 0.000015, 0.000015, 0.000000, 0.000000, PMPI_Irecv
State, rank-1, MPI_STATE, 0.000015, 0.000015, 0.000000, 0.000000, PMPI_Isend
State, rank-1, MPI_STATE, 0.000015, 0.000015, 0.000000, 0.000000, PMPI_Isend
State, rank-1, MPI_STATE, 0.000015, 0.000015, 0.000000, 0.000000, PMPI_Isend
State, rank-1, MPI_STATE, 0.000015, 0.000018, 0.000003, 0.000000, PMPI_Wait
State, rank-1, MPI_STATE, 0.000018, 0.000018, 0.000000, 0.000000, PMPI_Wait
State, rank-1, MPI_STATE, 0.000018, 0.000018, 0.000000, 0.000000, PMPI_Wait
State, rank-1, MPI_STATE, 0.000018, 0.000018, 0.000000, 0.000000, PMPI_Wait
State, rank-1, MPI_STATE, 0.000018, 0.000018, 0.000000, 0.000000, PMPI_Wait
State, rank-1, MPI_STATE, 0.000018, 0.000019, 0.000001, 0.000000, PMPI_Wait
State, rank-1, MPI_STATE, 0.000019, 0.000019, 0.000000, 0.000000, PMPI_Wait
State, rank-1, MPI_STATE, 0.000019, 0.000019, 0.000000, 0.000000, PMPI_Wait
State, rank-1, MPI_STATE, 0.000019, 0.000027, 0.000008, 0.000000, PMPI_Barrier
State, rank-1, MPI_STATE, 0.000027, 0.000027, 0.000000, 0.000000, PMPI_Finalize
Container, 0, MPI, 0, 2.3e-05, 2.3e-05, rank-0
State, rank-0, MPI_STATE, 0.000000, 0.000000, 0.000000, 0.000000, PMPI_Init
State, rank-0, MPI_STATE, 0.000001, 0.000005, 0.000004, 0.000000, PMPI_Barrier
State, rank-0, MPI_STATE, 0.000006, 0.000006, 0.000000, 0.000000, PMPI_Irecv
State, rank-0, MPI_STATE, 0.000006, 0.000006, 0.000000, 0.000000, PMPI_Isend
State, rank-0, MPI_STATE, 0.000006, 0.000006, 0.000000, 0.000000, PMPI_Irecv
State, rank-0, MPI_STATE, 0.000006, 0.000006, 0.000000, 0.000000, PMPI_Isend
State, rank-0, MPI_STATE, 0.000006, 0.000006, 0.000000, 0.000000, PMPI_Irecv
State, rank-0, MPI_STATE, 0.000006, 0.000006, 0.000000, 0.000000, PMPI_Isend
State, rank-0, MPI_STATE, 0.000006, 0.000012, 0.000006, 0.000000, PMPI_Wait
State, rank-0, MPI_STATE, 0.000012, 0.000015, 0.000003, 0.000000, PMPI_Wait
State, rank-0, MPI_STATE, 0.000015, 0.000015, 0.000000, 0.000000, PMPI_Wait
State, rank-0, MPI_STATE, 0.000015, 0.000015, 0.000000, 0.000000, PMPI_Wait
State, rank-0, MPI_STATE, 0.000015, 0.000015, 0.000000, 0.000000, PMPI_Wait
State, rank-0, MPI_STATE, 0.000015, 0.000015, 0.000000, 0.000000, PMPI_Wait
State, rank-0, MPI_STATE, 0.000015, 0.000015, 0.000000, 0.000000, PMPI_Irecv
State, rank-0, MPI_STATE, 0.000015, 0.000015, 0.000000, 0.000000, PMPI_Irecv
State, rank-0, MPI_STATE, 0.000015, 0.000015, 0.000000, 0.000000, PMPI_Isend
State, rank-0, MPI_STATE, 0.000015, 0.000015, 0.000000, 0.000000, PMPI_Isend
State, rank-0, MPI_STATE, 0.000015, 0.000015, 0.000000, 0.000000, PMPI_Irecv
State, rank-0, MPI_STATE, 0.000015, 0.000015, 0.000000, 0.000000, PMPI_Irecv
State, rank-0, MPI_STATE, 0.000015, 0.000015, 0.000000, 0.000000, PMPI_Irecv
State, rank-0, MPI_STATE, 0.000015, 0.000015, 0.000000, 0.000000, PMPI_Isend
State, rank-0, MPI_STATE, 0.000015, 0.000015, 0.000000, 0.000000, PMPI_Isend
State, rank-0, MPI_STATE, 0.000015, 0.000015, 0.000000, 0.000000, PMPI_Isend
State, rank-0, MPI_STATE, 0.000015, 0.000015, 0.000000, 0.000000, PMPI_Irecv
State, rank-0, MPI_STATE, 0.000015, 0.000015, 0.000000, 0.000000, PMPI_Irecv
State, rank-0, MPI_STATE, 0.000015, 0.000015, 0.000000, 0.000000, PMPI_Irecv
State, rank-0, MPI_STATE, 0.000015, 0.000015, 0.000000, 0.000000, PMPI_Isend
State, rank-0, MPI_STATE, 0.000015, 0.000015, 0.000000, 0.000000, PMPI_Isend
State, rank-0, MPI_STATE, 0.000015, 0.000015, 0.000000, 0.000000, PMPI_Isend
State, rank-0, MPI_STATE, 0.000015, 0.000018, 0.000003, 0.000000, PMPI_Wait
State, rank-0, MPI_STATE, 0.000018, 0.000018, 0.000000, 0.000000, PMPI_Wait
State, rank-0, MPI_STATE, 0.000018, 0.000018, 0.000000, 0.000000, PMPI_Wait
State, rank-0, MPI_STATE, 0.000018, 0.000018, 0.000000, 0.000000, PMPI_Wait
State, rank-0, MPI_STATE, 0.000018, 0.000018, 0.000000, 0.000000, PMPI_Wait
State, rank-0, MPI_STATE, 0.000018, 0.000018, 0.000000, 0.000000, PMPI_Wait
State, rank-0, MPI_STATE, 0.000018, 0.000018, 0.000000, 0.000000, PMPI_Wait
State, rank-0, MPI_STATE, 0.000018, 0.000018, 0.000000, 0.000000, PMPI_Wait
State, rank-0, MPI_STATE, 0.000018, 0.000023, 0.000005, 0.000000, PMPI_Barrier
State, rank-0, MPI_STATE, 0.000023, 0.000023, 0.000000, 0.000000, PMPI_Finalize
